Year,Aruba,Afghanistan,Angola,Albania,Andorra,United Arab Emirates,Argentina,Armenia,American Samoa,Antigua and Barbuda,Australia,Austria,Azerbaijan,Burundi,Belgium,Benin,Burkina Faso,Bangladesh,Bulgaria,Bahrain,"Bahamas, The",Bosnia and Herzegovina,Belarus,Belize,Bermuda,Bolivia,Brazil,Barbados,Brunei Darussalam,Bhutan,Botswana,Central African Republic,Canada,Switzerland,Chile,China,Cote d'Ivoire,Cameroon,"Congo, Dem. Rep.","Congo, Rep.",Colombia,Comoros,Cabo Verde,Costa Rica,Cuba,Curacao,Cayman Islands,Cyprus,Czech Republic,Germany,Djibouti,Dominica,Denmark,Dominican Republic,Algeria,Ecuador,"Egypt, Arab Rep.",Eritrea,Spain,Estonia,Ethiopia,Finland,Fiji,France,Faroe Islands,"Micronesia, Fed. Sts.",Gabon,United Kingdom,Georgia,Ghana,Gibraltar,Guinea,"Gambia, The",Guinea-Bissau,Equatorial Guinea,Greece,Grenada,Greenland,Guatemala,Guam,Guyana,"Hong Kong SAR, China",Honduras,Croatia,Haiti,Hungary,Indonesia,Isle of Man,India,Ireland,"Iran, Islamic Rep.",Iraq,Iceland,Israel,Italy,Jamaica,Jordan,Japan,Kazakhstan,Kenya,Kyrgyz Republic,Cambodia,Kiribati,St. Kitts and Nevis,"Korea, Rep.",Kuwait,Lao PDR,Lebanon,Liberia,Libya,St. Lucia,Liechtenstein,Sri Lanka,Lesotho,Lithuania,Luxembourg,Latvia,"Macao SAR, China",St. Martin (French part),Morocco,Monaco,Moldova,Madagascar,Maldives,Mexico,Marshall Islands,North Macedonia,Mali,Malta,Myanmar,Montenegro,Mongolia,Northern Mariana Islands,Mozambique,Mauritania,Mauritius,Malawi,Malaysia,Namibia,New Caledonia,Niger,Nigeria,Nicaragua,Netherlands,Norway,Nepal,Nauru,New Zealand,Oman,Pakistan,Panama,Peru,Philippines,Palau,Papua New Guinea,Poland,Puerto Rico,"Korea, Dem. People's Rep.",Portugal,Paraguay,West Bank and Gaza,French Polynesia,Qatar,Romania,Russian Federation,Rwanda,Saudi Arabia,Sudan,Senegal,Singapore,Solomon Islands,Sierra Leone,El Salvador,San Marino,Somalia,Serbia,South Sudan,Sao Tome and Principe,Suriname,Slovak Republic,Slovenia,Sweden,Eswatini,Sint Maarten (Dutch part),Seychelles,Syrian Arab Republic,Turks and Caicos Islands,Chad,Togo,Thailand,Tajikistan,Turkmenistan,Timor-Leste,Tonga,Trinidad and Tobago,Tunisia,Turkiye,Tuvalu,Tanzania,Uganda,Ukraine,Uruguay,United States,Uzbekistan,St. Vincent and the Grenadines,"Venezuela, RB",British Virgin Islands,Virgin Islands (U.S.),Vietnam,Vanuatu,Samoa,"Yemen, Rep.",South Africa,Zambia,Zimbabwe
1990,0.0,0.191745115,0.553661955,1.8195416340000001,7.521831657999999,30.19518857,3.075541328,5.610254358,0.0,3.3582268560000004,15.44848844,7.58936421,7.453450775,0.031255981,10.96677472,0.066285172,0.056747035,0.111658248,8.443170443,21.65641314,7.6494670739999995,5.370319006,9.797486552,1.759493266,0.0,1.516423036,1.328159172,3.755753393,12.60078697,0.150715617,2.183786203,0.05344278400000001,15.14888987,6.452219106,2.2991247130000003,1.914542564,0.227256089,0.24617816899999997,0.09187558900000001,1.357807819,1.4720911840000002,0.170068854,0.295899134,0.920038109,3.3613331189999998,0.0,0.0,5.987352208,14.53545339,12.02660923,0.457322495,0.852006475,10.13239021,1.101844805,2.443429976,1.5071942130000002,1.563210403,0.0,5.530352721,22.4831663,0.048237691,10.94169357,0.9470541809999999,6.117208209,0.0,0.0,4.318093972,9.812990193,6.974177426000001,0.18885454899999998,0.0,0.157423742,0.198829002,0.17431159699999998,0.143133868,7.4160579129999995,1.141931733,0.0,0.434248626,0.0,1.574048911,0.0,0.494419916,4.257574464,0.144929287,6.4989471739999995,0.818737765,0.0,0.645361649,8.810537585,3.521081033,3.6861808060000003,7.65228038,7.255364807,7.145018163,3.0869031419999997,2.784720103,8.831775701,14.51247859,0.258803383,5.18309346,0.140380634,0.276265989,2.7322404369999997,5.77756339,13.90221204,0.119761295,2.004971759,0.216771672,6.4462863189999995,1.376622059,6.946856547,0.22163518399999999,0.199558975,8.713199442,29.56658374,7.0517969129999996,0.0,0.0,0.866674748,0.0,10.2825876,0.076733088,0.716977581,3.211459758,0.0,4.303137233,0.0011834439999999999,6.522291555,0.09870524800000001,3.166373117,5.93826675,0.0,0.08623814699999999,0.462064731,1.095605771,0.058482648,3.0294250239999996,0.0,0.0,0.07101395,0.7642907720000001,0.462448798,9.924081247,6.91033516,0.049721033,13.67557332,6.700102107999999,6.577792886,0.548361744,1.088651877,0.9460192279999999,0.663702849,0.0,0.470119976,9.189263028,0.0,6.077448065,4.1139039539999995,0.49012493,0.0,0.0,26.32932654,7.440359782000001,14.62146834,0.07545737799999999,10.55884314,0.26653309199999997,0.309580822,9.507300635,0.480971177,0.074078138,0.45160656200000004,0.0,0.10103681800000001,8.161086211,0.078286865,0.41942438200000004,4.343866387,10.34309603,6.771226142000001,6.233324979,0.680914809,0.0,2.1580560230000003,2.602407424,0.0,0.065400579,0.259650108,1.577490201,2.085615856,12.12005066,0.0,0.841494073,10.76879359,1.764025978,2.581518206,1.122334456,0.074988549,0.04552161,13.27040704,1.23810216,19.40734628,5.742077036,0.7442622040000001,5.176576894,0.0,0.0,0.284311304,0.477571209,0.55283574,0.56703735,6.729798587,0.340929635,1.5854439759999999
1991,0.0,0.167681579,0.5445386489999999,1.24281022,7.23537924,31.77849624,3.202031307,5.9025763929999995,0.0,3.4720578260000003,15.31821338,8.049113778999999,7.1596550820000004,0.039533341,11.39089005,0.052432316,0.056353056,0.102557668,6.815048526,20.30359266,7.815882332999999,4.906942041000001,9.438839323,2.249707015,0.0,1.550319934,1.354979891,3.7417147739999996,12.69683856,0.243155636,2.058325247,0.048636324,14.74101397,6.716198199,2.1711334840000003,2.000538765,0.22568426,0.574233855,0.048456844000000006,1.3169236659999999,1.4941498290000002,0.165143805,0.288826182,0.9556279459999999,2.568971064,0.0,0.0,6.525172994,13.28020218,11.65485055,0.47788307700000004,0.85255126,12.18400644,1.131985212,2.516243273,1.50298745,1.556302956,0.0,5.699785887000001,20.20093332,0.04696636,10.99578359,0.924669363,6.500247467,0.0,0.0,4.673160584,9.93784978,5.2751297589999995,0.168339541,0.0,0.156084161,0.201476622,0.17042230600000002,0.161721082,7.346951195,1.244013187,0.0,0.433481836,0.0,1.531276319,0.0,0.48052463100000004,3.1435126560000004,0.139302715,6.222646384,0.879778596,0.0,0.681306247,8.904331489,3.798607899,2.546192431,7.408930282,6.975146494,7.119107279,3.037720619,2.600722831,8.905650027,14.97534208,0.24019528199999998,4.574782687,0.139945989,0.271399881,2.7240533910000004,6.346819075,3.8497570760000004,0.125592741,2.40955608,0.18136001399999999,6.34208763,1.428561225,7.200164575,0.227535412,0.200856913,9.257224496000001,30.36175711,6.489143324,0.0,0.0,0.91526633,0.0,8.267454158,0.079545775,0.696430359,3.3679239,0.0,4.204075243999999,0.001158007,6.074015033999999,0.09596518400000001,2.240139679,6.6548898560000005,0.0,0.070528058,0.46936799100000004,1.167933953,0.06666416,3.5151299889999996,0.7586025190000001,0.0,0.065148631,0.838865429,0.44990474700000005,10.2529576,6.412885652999999,0.060807484,13.31148884,6.4747789760000005,8.300941882,0.544418959,1.2365667040000001,0.899993575,0.640613627,0.0,0.461322646,9.193594772,0.0,5.693587281,4.294075391,0.46604472,0.0,0.0,30.73741059,6.20664484,14.39705709,0.07058231,11.2045202,0.229759152,0.300431835,9.719040931,0.49878265899999996,0.07818495,0.574670687,0.0,0.09760757,6.872367238,0.075643258,0.41000746200000004,4.963572222,9.039664782000001,6.371819154,6.294260143,0.662512555,0.0,2.413435739,2.79117312,0.0,0.064965808,0.24074565899999997,1.7135377569999999,1.883111545,9.973112973,0.0,0.944951335,10.61745591,1.7833727719999999,2.622145146,1.1093853999999999,0.071766832,0.045116465999999994,12.53699484,1.395427405,19.00340342,5.6596029020000005,0.8350963140000001,5.025299663999999,0.0,0.0,0.285150749,0.46444353,0.609756098,0.6909374290000001,6.4246217660000005,0.349232211,1.713321439
1992,0.0,0.095957742,0.543557223,0.6836998259999999,6.9630787,29.08092584,3.218973722,3.16600926,0.0,4.49898385,15.34152615,7.3539267939999995,8.616847624,0.0316591,11.18250206,0.052515049,0.05593135900000001,0.109460957,6.482311113,23.45712527,9.660637226,3.7721382830000003,8.612563831000001,2.573022375,0.0,1.557063153,1.347535542,4.488569364,13.10754761,0.22449838600000002,2.420169251,0.05068875900000001,15.0282342,6.6469208029999995,2.209941852,2.07574444,0.216196337,0.548021965,0.039642237000000004,1.2570558790000002,1.52545272,0.160383454,0.309194604,1.2627319129999999,2.0276841759999997,0.0,0.0,6.844780855,12.99916669,11.07379165,0.48776522200000005,1.13401185,11.02802546,1.29853669,2.472960779,1.5723958580000001,1.54942798,0.19489784,5.934211892,15.53723817,0.029558418,10.36891768,0.9671309790000001,6.263082142999999,0.0,1.084962421,4.518374223,9.688886854,4.118190212,0.19676305600000002,0.0,0.156342316,0.19465174899999999,0.176409537,2.01221189,7.51798648,1.749673223,0.0,0.5060742,0.0,1.442700736,0.0,0.5205277660000001,3.286844013,0.12295937,5.593412348999999,0.913551696,0.0,0.6887552690000001,8.855028763,3.974966067,3.6592377000000003,7.431327258,7.195002927999999,7.082581542000001,3.3115986810000004,2.9992455380000003,8.961703838,15.44123931,0.234935687,3.056207645,0.14027578599999999,0.267497693,3.686318842,6.790030585,0.0,0.13332308199999998,2.282085983,0.19983893,5.663424854,2.116282679,7.106118029,0.295994317,0.196377233,5.3998336270000005,29.17065086,5.343608975,0.0,0.0,0.967663773,0.0,6.825365369,0.078040291,0.973458444,3.3497507260000003,1.6246293809999999,4.294351118,0.001129901,5.902866563,0.100939382,2.432146402,5.732127773999999,0.0,0.079675509,0.47138,1.217216981,0.065042504,3.53476829,0.804244831,0.0,0.058365034,0.916617756,0.51323011,10.09275057,7.045537737,0.061690247000000004,11.96410768,6.903191098,7.522921717000001,0.588002264,1.413071454,0.915668698,0.6770211629999999,12.61113563,0.45076564,8.950395696000001,0.0,5.000141613,4.699324611000001,0.555678165,0.0,0.0,29.63244066,5.536037017000001,13.67197153,0.074601935,11.69031249,0.208791938,0.321648442,9.722357212,0.515145271,0.073601677,0.618500323,0.0,0.093209675,6.2761364,0.067854766,0.321094289,4.873317517,8.689888965,6.426252367999999,6.547019076000001,0.66897733,0.0,2.543702217,2.665368686,0.0,0.06449845900000001,0.19007061,1.867290884,1.39754911,7.205418269,0.0,0.8385920040000001,10.63326554,1.8702427659999998,2.687046317,1.097694841,0.068988017,0.044177064,11.01889918,1.5121451890000002,19.02286035,5.272040655,1.1117184390000001,5.015640373,0.0,0.0,0.293580361,0.386657731,0.6042661189999999,0.7047930640000001,6.175429943999999,0.33722439,1.6944159769999998
1993,0.0,0.08472111,0.70898423,0.638307036,6.724177517999999,29.27567777,3.2457952810000004,1.498612445,0.0,3.800720617,15.45536877,7.311242503,6.411111704,0.032769615,10.91876374,0.052519477,0.055483015,0.113909624,6.6015030370000005,24.37468762,7.710327781,3.285167225,7.463583047,2.378241619,0.0,1.3948037,1.372402004,3.7897593119999997,13.95180415,0.244090201,2.322905275,0.052525353,14.71338582,6.26237251,2.317687556,2.244840637,0.223032003,0.448535384,0.048949095,1.050830508,1.592418764,0.155808311,0.300499649,1.239510862,1.867588962,0.0,0.0,7.010687022999999,12.67975204,10.93025817,0.485041326,1.1296563020000001,11.4404039,1.2615174759999999,2.613303742,1.546326858,1.547411237,0.281421994,5.540472762,12.2747181,0.036400784,10.55177326,0.927198985,5.911675954,0.0,1.0587001090000001,4.515575823,9.379643108,3.276251756,0.198053537,0.0,0.156585939,0.19795241800000002,0.17250946600000003,2.075061009,7.465286989,1.5269662240000001,0.0,0.521928185,0.0,1.445353057,0.0,0.537592948,3.377920874,0.09248481800000001,5.636482777,0.969813213,0.0,0.702336947,8.850025208,3.9637490339999997,4.724853017,7.507820647000001,7.698156244,6.984291423999999,3.3486504580000003,2.903684085,8.873018289,13.38406629,0.224209954,2.238359865,0.138405153,0.396243611,3.402931382,7.41266563,0.0,0.132036175,3.182251845,0.21247523,6.430943902,2.0222869969999997,7.3365124889999995,0.28396368899999996,0.197559373,4.274139042,29.3100195,4.587853891,0.0,0.0,0.978008048,0.0,5.855813131000001,0.07889254400000001,0.824415901,3.3925924660000004,1.8062133740000001,4.4555912630000005,0.001100452,7.567841252999999,0.112147375,2.114164905,5.235958353,0.0,0.089764421,0.47759010799999996,1.339561535,0.074147802,3.7485435519999997,0.9066952690000001,0.0,0.06433192900000001,0.8397212209999999,0.49299764100000004,10.34311274,7.520887683,0.06881414599999999,10.69310781,6.707351212000001,7.325880047,0.629875234,1.4450954980000001,0.931300166,0.717783418,12.28124041,0.44655007700000005,8.94455034,0.0,4.547670648,4.595232659,0.619029493,0.0,0.0,33.12202505,5.170608102,12.66513195,0.08142077,11.44269558,0.142490378,0.305102295,10.91302746,0.530189896,0.076230693,0.713963338,0.0,0.08748112300000001,5.5485513179999995,0.048209388,0.314797035,4.812769258,8.322528005,6.8080970160000005,6.480427217000001,0.664634462,0.0,2.629648596,2.645027959,0.0,0.062462627,0.156364636,2.103611326,0.924317359,6.724362713,0.0,0.9418560840000001,8.620100434,1.865634735,2.746152562,1.087665869,0.068848781,0.042240331,9.569138661,1.412956528,19.2183334,5.2224045210000005,1.203302603,5.109697434,0.0,0.0,0.335268281,0.375603313,0.658221486,0.627104927,6.219193872000001,0.289956061,1.539740958
1994,0.0,0.075545827,0.836804405,0.645355189,6.541578914,30.84933296,3.2529452869999997,0.83443373,0.0,3.720182735,15.69196304,7.343640808,4.412529372,0.032209046,11.35869013,0.049000605999999995,0.055008952,0.120101811,6.36222195,24.32722575,7.504105507,0.8027380479999999,6.337174653,2.2312685009999997,0.0,1.274978599,1.39557303,3.888362471,14.75201415,0.263204896,2.147746853,0.051036406,15.06034534,6.089683784,2.515821652,2.32219225,0.224965523,0.349180537,0.054902777,0.7825721929999999,1.587852986,0.15142338,0.292235308,1.4022086669999998,2.00397455,0.0,0.0,7.143676294,12.06841342,10.75537534,0.465965255,1.1260627220000001,12.13941892,1.44982103,2.6090090669999997,1.677373454,1.438724008,0.329060654,5.776362895,12.18449875,0.040956131,11.77792413,0.91430721,5.805094458999999,0.0,1.037442233,4.369819116,9.248649611,2.158775007,0.208916042,0.0,0.15816709199999998,0.19191770600000002,0.16880090399999997,2.149868816,7.5839999570000005,1.6105490969999998,0.0,0.5409701720000001,0.0,1.857962092,0.0,0.585694388,3.1964581439999997,0.024992377000000003,5.586195195,1.027138052,0.0,0.7253581579999999,9.141078424,4.401507243,5.226377052,7.856522605,8.031116873,6.901240952999999,3.3399201769999998,2.9453397989999996,9.273035197999999,12.33574177,0.217806655,1.4506876919999998,0.143440027,0.39129754299999997,3.604209717,7.936106147,0.0,0.13513978599999998,3.31143438,0.211428091,7.9590168310000005,2.1367521369999998,6.575702777999999,0.318881886,0.193410816,4.049608108999999,26.828814299999998,4.054361771,0.0,0.0,1.042337759,0.0,4.770134505,0.09260291,0.8045634840000001,3.6214846030000003,1.792328833,4.314449166,0.00107125,6.69695862,0.130234082,2.060881043,4.525373003,0.0,0.07358819400000001,0.474391715,1.356881365,0.075930962,3.991488828,1.030263358,0.0,0.059989205999999996,0.743919145,0.5549450429999999,10.22308107,7.934763835,0.082696086,10.48018293,6.693370166,7.5357845039999996,0.63350157,1.5051504830000002,0.9450177040000001,0.755490772,11.9510009,0.40665942299999996,8.814909777999999,0.0,4.112989451,4.734012075,0.715801818,0.0,0.0,36.46626328,5.066384997,11.35417901,0.079174523,11.32945089,0.20138428100000003,0.308471769,11.10835531,0.543987082,0.081210642,0.801881941,0.0,0.085451629,5.029323282,0.066518357,0.38632114100000003,4.75753794,7.7997415420000005,6.841110802999999,6.661165994,0.672085956,0.0,2.829997979,2.683777468,0.0,0.063411943,0.22084082100000002,2.327972141,0.535289582,8.152890388,0.0,0.940055777,7.034661916,1.830971655,2.672146507,1.080030241,0.066336376,0.036880718,8.005754853,1.333896048,19.25621185,4.8657103280000005,1.295588521,4.960755178,0.0,0.0,0.362247903,0.365568337,0.592806881,0.6532557139999999,6.215847077,0.241269619,1.4171862419999999
1995,0.0,0.068467956,0.912141485,0.6054362529999999,6.733479486,31.12501806,3.241341893,1.090960291,0.0,3.931733458,16.05688358,7.697264741000001,4.225196328,0.033405467,11.30237113,0.05079965400000001,0.056492247999999995,0.14370070000000001,6.528617961,24.01995395,7.852123107000001,0.8801140959999999,5.654400196,2.222630241,0.0,1.125639469,1.489199885,4.023237013999999,15.48237702,0.299272954,2.1712895619999997,0.049648396,15.29060285,6.1698524589999995,2.7098510910000004,2.563478593,0.237327972,0.344118052,0.050750141,0.975057728,1.6284365269999999,0.16828146800000002,0.310649049,1.35664009,2.1289012019999998,0.0,0.0,6.838977731,12.12132597,10.70862967,0.507626292,1.40637086,11.46488125,1.5142138509999998,2.658062574,1.8262440519999998,1.503512728,0.362939026,6.05602903,11.31812278,0.045049857,10.98126587,0.915623372,5.915833662000001,0.0,1.115915748,4.802060185,9.079951871,1.756223321,0.218054975,0.0,0.159567934,0.194935747,0.165312026,2.214313321,7.842151122000001,1.695151866,0.0,0.617296792,0.0,2.009725495,0.0,0.6778758490000001,3.346298617,0.11621137,5.56009242,1.135810516,0.0,0.765476409,9.268903783999999,4.419079656,4.96641528,7.477530022000001,8.436429216,7.32562417,3.4258131869999997,2.96371067,9.332839199,11.07974884,0.229398295,1.008683449,0.13794857300000002,0.38602089700000003,3.564892934,8.547004567,22.57291362,0.13824475,3.7694363330000002,0.205413426,8.785975417000001,2.3149566630000002,6.475845098,0.319027927,0.194880644,3.786060574,21.19302539,3.621648768,0.0,0.0,1.066523229,0.0,4.112038484,0.101666718,1.023042055,3.347468763,1.783803068,4.295959328,0.001043225,6.305988835,0.158080806,2.174225779,4.473422085,0.0,0.075565399,0.5056988370000001,1.380899224,0.076185306,4.212791305,1.087313084,0.0,0.055846560999999996,0.798252208,0.5696248110000001,10.61581838,7.889091168999999,0.088060506,10.35196687,6.623291772999999,8.560668921,0.668461106,1.5914342869999998,1.055591698,0.88487222,11.65637021,0.41063700200000003,8.80943173,0.0,3.8157010010000003,5.055766027,0.7913184409999999,0.0,0.0,37.10217413,5.328802734,11.02262056,0.078814493,10.98944728,0.187177775,0.317600779,10.66248717,0.556675091,0.055762690999999996,0.881213488,0.0,0.080089198,5.842349414,0.070338822,0.379711268,4.730101324,7.901903749,7.271824519,6.596850845,0.679731905,0.0,2.655901413,2.717230104,0.0,0.06276605099999999,0.231881699,2.619592168,0.435400602,8.077776703,0.0,1.041970575,6.8729070320000005,1.838823504,2.875024751,1.075500108,0.09207690699999999,0.046538612,7.750500846,1.454590567,19.21690864,4.307658547,1.388336125,5.199924655,0.0,0.0,0.419167085,0.41626774299999997,0.705674802,0.706080534,6.378789567999999,0.234153214,1.35661892
1996,0.0,0.062588034,1.072168465,0.6123673589999999,6.99159455,30.92802588,3.476953205,0.8143391870000001,0.0,3.98996808,16.42783027,8.154273323,3.502511915,0.034652836,11.76078263,0.159165853,0.060736157,0.143051512,6.612597225,24.45300444,7.289245722,1.113053568,5.772882687999999,1.684919966,0.0,1.065652964,1.594086243,3.969338731,15.85582037,0.369364195,1.940555211,0.051386918,15.59259037,6.223265482,3.0780057839999997,2.5218758980000002,0.276165392,0.340710332,0.053090425,1.1379075779999999,1.581869344,0.163724738,0.353952768,1.2471227390000001,2.303624049,0.0,0.0,7.10993261,12.28667367,11.04000324,0.466092544,1.127824849,13.93482212,1.600700939,2.600933527,2.0507266019999997,1.55562046,0.396090631,5.76863509,12.15037645,0.048740284,12.20979777,0.9816557859999999,6.157003248,0.0,1.10792071,5.2203884469999995,9.377833976,1.41594528,0.234216124,0.0,0.16479581,0.188988662,0.162040267,2.306898985,7.800128195,1.881132244,0.0,0.587456968,0.0,2.076758574,0.0,0.663850804,3.348623038,0.134393061,5.668572483999999,1.184184804,0.0,0.787965578,9.572482275,4.491698593,4.757717976,8.441297654,8.56113844,7.248469279,3.5331394019999998,2.9305821780000003,9.420310599,9.846435028,0.24379617399999998,1.246651111,0.139307228,0.380208861,3.5317385569999997,9.005884083,21.90111245,0.157537917,3.9106391260000004,0.20365844600000002,9.020738565,2.284378212,6.697710021000001,0.455156967,0.19128426199999998,3.951007507,21.09964391,3.666742362,0.0,0.0,1.040043425,0.0,3.5297299989999997,0.09422632199999999,1.080338609,3.4644147860000003,1.7813669019999998,5.056696831,0.0,6.106789855,0.16444629300000002,2.5368124219999997,3.751234044,0.0,0.072679678,0.51835307,1.419758094,0.07383178900000001,4.693205258,1.1542776209999999,0.0,0.062076405,0.905675443,0.594739592,11.179293800000002,7.897134573,0.08872651699999999,9.365926757999999,6.8086816720000005,8.664736401,0.673894593,1.57708908,1.133562187,0.941433601,11.36428206,0.41962584399999997,9.199373349,0.0,3.346835235,4.843031237,0.76110383,0.0,0.0,40.07417742,5.4914000629999995,10.80709102,0.079825555,11.4348952,0.173913858,0.328738032,10.49389981,0.568309442,0.071881391,0.771536727,0.0,0.074192831,6.780178094,0.070855097,0.37369487100000004,4.707646244,7.84797448,7.688718051,7.19941346,0.486511984,0.0,3.1406624180000002,2.84801264,0.0,0.062060628,0.31272937300000003,2.90552882,0.38281737899999996,7.139630031,0.0,0.831022053,7.3078779560000005,1.868929957,3.118979737,1.073306858,0.100839156,0.049921985999999995,6.778787962000001,1.678274475,19.575380300000003,4.2884822389999995,1.389107545,5.44277249,0.0,0.0,0.46050454399999996,0.524105963,0.7595010659999999,0.698158168,6.489191889,0.18844207699999999,1.287559412
1997,0.0,0.056826617999999995,1.0866369740000001,0.466921472,7.307441152000001,30.48633262,3.5369899539999996,1.066043297,0.0,4.04423557,16.62526327,8.059697483999999,3.379580901,0.034301787,11.45537702,0.197400553,0.064694261,0.157872086,6.375068154,24.23826789,6.5074487670000005,2.272441362,5.848321407,2.076046485,0.0,1.148983181,1.682504665,4.325404668,16.76486239,0.34438195200000005,1.992957783,0.050111542,15.94398546,6.0305497070000005,3.468768605,2.547901551,0.328471818,0.33880713700000004,0.05179433,1.140452477,1.701578179,0.159376837,0.37105935,1.207329377,2.49778657,0.0,0.0,7.06919961,12.11067678,10.63756246,0.49935084399999996,1.416591115,12.0435399,1.793576202,2.502439231,2.0876115769999997,1.634401164,0.378099046,6.206095959,11.98255135,0.050413985,11.79415293,0.946090502,5.988008872999999,0.0,1.106266075,4.871501018,8.988638193,1.2689908970000001,0.24010305,0.0,0.168361791,0.191583328,0.176599662,3.075724333,7.856482991,1.969143521,0.0,0.607135726,0.0,2.2692041290000002,0.0,0.668243103,3.764123733,0.158142712,5.538125216,1.287603307,0.0,0.818533297,9.789963505,4.631249508,5.546284281,7.929833878999999,8.733721727,7.303872086,3.560490016,2.963781232,9.302379082,8.623745101,0.225730104,1.211566306,0.145150804,0.374120816,3.7333457780000003,9.39295698,21.80958768,0.164346412,4.409001141,0.19344771100000002,8.245395474,2.3191094619999997,6.911718505,0.451521115,0.19308413300000002,3.8935570860000004,19.64477292,3.506174443,0.0,0.0,1.077299946,0.0,3.263471871,0.09896946300000001,1.288679331,3.619874761,1.783838424,4.502047956,0.000990652,6.452607297,0.161013705,2.7398608739999997,3.6476600180000003,0.0,0.078672088,0.505430917,1.410800812,0.075012864,4.9168034380000005,1.160168643,0.0,0.060914527,0.8694873409999999,0.625562126,10.65362429,8.294823544,0.09696799199999999,9.395847036000001,7.322878375,8.898730931000001,0.681838478,1.625841347,1.109041596,1.0240873590000001,11.10124334,0.440639199,8.916766668,0.0,3.023022384,5.038096338,0.8223131370000001,0.0,0.0,47.42957483,5.037248861,10.07001565,0.079440514,11.33964215,0.20618628100000003,0.35155444,10.05258641,0.5526344879999999,0.053052906,0.925815065,0.0,0.06930337,7.412623259,0.08315389,0.368104483,4.689925468,7.852074131,7.920618584,6.486502129,0.612404195,0.0,3.6213608560000004,2.772266632,0.0,0.06263748599999999,0.16941803800000002,2.924403912,0.422672489,7.003243305,0.0,0.9314745240000001,7.691465093,1.903115863,3.203938424,1.072041166,0.092649428,0.051257442,6.48764888,1.7002236590000002,20.33085525,4.256137238,1.482923212,5.586804265,0.0,0.0,0.529473607,0.514529748,0.755528434,0.7286076659999999,6.723589318999999,0.238601068,1.186792976
1998,0.0,0.052690855999999994,1.091825308,0.572153695,7.63953851,29.66358052,3.678793802,1.116225447,0.0,4.370450293,17.562930899999998,8.107272237,3.3476557560000004,0.035566684,11.70341139,0.187009053,0.069287926,0.15690868800000002,6.113759034,25.24046883,8.121128699,2.8813674610000004,5.6850883979999995,1.954414371,0.0,1.070798558,1.711514957,4.715334863,14.16328513,0.35437242399999996,2.335281728,0.066177814,16.07651198,6.223627817000001,3.4724874310000002,2.605836859,0.320089148,0.34230358899999996,0.050836157,1.314518552,1.6796862769999998,0.174627752,0.38786656399999997,1.319700633,2.455903799,0.0,0.0,7.274047826,11.55194202,10.54575967,0.573137487,1.56733112,11.25707668,2.023269548,2.472447856,2.005992729,1.676428486,0.27646356899999996,6.369906713,11.71585305,0.05167361400000001,11.11284025,0.912331219,6.332173622999999,0.0,1.201412121,5.46125373,8.993429855,1.175886457,0.332295428,0.0,0.173010997,0.193841651,0.147266219,3.527330545,8.127412607,2.156376503,0.0,0.75048331,0.0,2.321638466,0.0,0.752362587,4.088580768,0.160250921,5.5860915570000005,1.276949883,0.0,0.8202878509999999,10.34827522,4.548720471,4.150250087,7.84536959,8.625020935,7.492433586000001,3.725745283,2.9571346939999996,8.942325948999999,9.012954131,0.236690397,1.2665128959999998,0.16206184,0.367836386,4.164256796,7.919587271,23.0077641,0.165221754,4.402311728,0.194639702,8.062694279,2.5486364790000002,7.119420541,0.46378604,0.19524170899999999,4.144442995,17.824346600000002,3.373417388,0.0,0.0,1.089630485,0.0,2.947852992,0.110069755,1.154798935,3.8013118410000004,1.9858606719999998,4.901562772,0.0,6.151258672000001,0.173422241,2.896346982,3.6295452630000002,0.0,0.073748304,0.496751685,1.542543611,0.071074249,4.7791854869999995,1.166527588,0.0,0.063532883,0.762553136,0.7168105509999999,10.61487117,8.550221778,0.100616384,9.463423867000001,7.124508519,8.668393536,0.668850768,1.964071231,1.051131282,0.9939467409999999,10.86425118,0.474760054,8.235419879,0.0,2.7040273860000004,5.472335376,0.835969803,0.0,0.0,48.0450209,4.422556478,10.07626532,0.073246395,11.82310273,0.183352105,0.385118301,9.434171256,0.563089004,0.057058292999999996,0.9779632290000001,0.0,0.063144622,7.42757585,0.068881057,0.36269993799999994,4.632066075,7.680155295,7.821847581,6.593624611,0.6327034189999999,0.0,3.6780559569999998,2.860972995,0.0,0.060488648,0.25904213600000003,2.545907896,0.459568354,7.214266665,0.0,0.9274908279999999,7.862414094,1.962173584,3.15817802,1.071581655,0.08426209300000001,0.056525595,6.167974554,1.75627679,20.26630029,4.8338946410000005,1.762408749,5.552080555,0.0,0.0,0.582085202,0.44947102899999997,0.867859684,0.7574327190000001,6.787423700000001,0.219936727,1.1977445629999999
1999,0.0,0.040156965,1.109859657,0.955359308,7.9231916479999995,28.88710798,3.6885182739999998,1.006791798,0.0,4.419208828,17.6323576,7.888819322000001,3.272055369,0.036699403,11.29525399,0.20107735399999999,0.078881856,0.160636276,5.397884497000001,24.27184466,7.889465863,2.81031471,5.4803466489999995,1.7156319169999998,0.0,0.9955109959999999,1.746531545,4.806714611,13.58004255,0.346089021,2.397128414,0.067453265,16.25852275,6.23321054,3.58970615,2.517419885,0.426007728,0.316954107,0.045514319000000004,1.303303809,1.420532198,0.189088461,0.451890329,1.294580674,2.526010465,0.0,0.0,7.418613917999999,10.88599028,10.15331952,0.5571643479999999,1.5752993069999999,10.6599291,2.132252896,2.531070515,1.73684381,1.726119823,0.29051421899999996,6.890852536000001,10.9980694,0.049422619,10.93994472,0.930172566,6.197031415,0.0,1.206283811,5.028947724,8.908112348,1.08727237,0.349769877,0.0,0.177535105,0.203583381,0.16140911900000002,5.552069994,8.121394968999999,2.147829228,0.0,0.7249530059999999,0.0,2.321002673,0.0,0.742519313,4.104066904,0.165883927,5.65663788,1.339691637,0.0,0.8682846879999999,10.6450807,4.990056076,3.188746842,7.642917142999999,8.649795917999999,7.607835904,3.790818243,2.907534828,9.202485962999999,8.215898128,0.240845592,0.9895876370000001,0.16068698,0.361580831,4.12635826,8.620949108,23.43667537,0.168088447,4.546713479,0.14816417199999998,8.19193464,2.516323844,7.01968564,0.509020568,0.193094925,3.475928697,18.39828097,3.158358858,0.0,0.0,1.131591273,0.0,2.508759325,0.109275143,1.5720856090000002,3.643438938,1.98341862,4.506375853,0.0,6.218103195,0.18860539699999998,1.996696375,3.623389675,0.0,0.07132843,0.507498485,1.871915063,0.072782048,5.050462037,1.122537434,0.0,0.059469775,0.7296659390000001,0.709270872,10.21054272,8.89752893,0.132709649,8.613264427,7.460040155,9.747669296,0.712499673,1.686189102,1.114720115,0.937820251,10.65359825,0.454850331,7.992184018,0.0,2.928979076,6.088378078,0.818580669,0.0,0.0,50.83385044,3.78203314,10.35031973,0.07065500400000001,11.86063692,0.199425295,0.413848586,9.548533706,0.572720572,0.044819193,0.959821956,0.0,0.058454954,5.306083854,0.070779948,0.35723471700000003,4.619880528,7.535183339,7.518740118999999,6.464305092000001,0.6840323709999999,0.0,3.855241885,2.739479325,0.0,0.06084287,0.357706536,2.629113359,0.415055467,8.439067981,0.0,1.128494486,7.8327308460000005,2.045022321,3.092921327,1.070205479,0.077106098,0.056203258,6.154728832000001,2.049573686,20.10113245,4.791529987,1.763128346,5.284788205,0.0,0.0,0.5872017279999999,0.496527069,0.864025437,0.830912449,6.279185804,0.17356036600000002,1.338101327
2000,0.0,0.036573704,0.9880773829999999,1.026213109,7.952286282,27.03515911,3.587392038,1.1597613629999999,0.0,4.341705369,17.723072100000003,7.929785513,3.440349875,0.040759564,11.43958054,0.20681782199999998,0.08097897700000001,0.169593942,5.314453599999999,23.893712100000002,7.48209163,3.721499604,5.304816521,1.819578666,0.0,0.975259762,1.794549984,4.567034116,14.16711189,0.35532153200000005,2.452333155,0.065926441,16.75762643,6.084142395,3.2863283660000002,2.650412428,0.394417144,0.335826918,0.034602936,1.390922869,1.4721183830000002,0.18438005899999999,0.513805006,1.249252657,2.547988693,0.0,0.0,7.55866713,12.01065269,10.09931602,0.515624107,1.866475233,9.850895645,2.20390761,2.578744484,1.738804994,1.6650791919999999,0.279181805,7.230107062,10.68014331,0.053756289000000006,10.64485611,0.998753408,6.125507901000001,0.0,1.210371957,4.949693046,9.014558285,1.169940333,0.297735601,0.0,0.180809115,0.182134433,0.12486421,3.662278531,8.741595261,2.042066571,0.0,0.81278639,0.0,2.22306145,0.0,0.758991925,4.037327826,0.173680812,5.350127818,1.3268636409999999,0.0,0.887641212,11.17688705,5.187936248,3.729318782,7.930157714,9.063444109,7.662168039,3.78950826,3.1761866039999997,9.323415561000001,8.072629613,0.260288294,0.95337253,0.161247317,0.35542918100000004,4.310051494,9.714493739,24.37017236,0.16905532399999998,4.077783393,0.15095945300000002,8.346564592,2.488244639,6.6297010610000005,0.582076331,0.19185312899999998,3.0032552889999997,19.61952785,2.927076514,0.0,0.0,1.141917571,0.0,2.294971959,0.104650238,1.646408682,3.83397972,1.970288056,4.323043897,0.128808907,5.46032039,0.20205610100000002,2.512604347,3.7540402860000004,0.0,0.080736566,0.482849894,2.047396815,0.063684264,5.361673228,1.081031081,0.0,0.059126893,0.795035466,0.7436909559999999,10.178636000000001,7.635326646,0.13449675,8.708272859,7.6340824839999994,11.07156038,0.6910743559999999,1.7423827680000001,1.082012872,0.92445667,10.99246231,0.483960059,7.73080499,0.0,3.132267246,5.99228486,0.661256139,0.0,0.0,48.37400227,3.9664980180000002,10.66769032,0.068064184,12.08197508,0.20861580300000002,0.41438165600000004,10.45709574,0.581585548,0.071980578,0.9561934329999999,0.0,0.05522838099999999,5.852577835,0.074200777,0.35145925899999997,3.1426241760000004,7.064757492999999,7.310481792999999,6.005336498999999,0.68627217,0.0,3.574465987,2.7055276310000003,0.0,0.034707037999999996,0.257899125,2.612916672,0.353906622,8.527216235,0.0,1.020803985,8.049502863999999,2.13218584,3.421874278,1.064735945,0.088061865,0.054967918,6.04719734,1.644710088,20.46980666,5.02263655,1.484409066,5.436407038,0.0,0.0,0.640842656,0.486581173,0.859825513,0.8633430240000001,6.3303197120000005,0.173772089,1.153054813
2001,0.0,0.03378536,0.941828905,1.055495882,7.721549062,29.43026994,3.360371185,1.180062452,0.0,4.532974149,17.80456395,8.444109161,3.2547588519999997,0.030648776000000003,11.50432068,0.245876343,0.08120832,0.198172464,5.767159577999999,23.49652355,7.335981336000001,3.663945867,5.225335545,2.077877272,0.0,0.9382017570000001,1.802410371,4.807445302,13.85143381,0.38101990700000005,2.310897524,0.0671679,16.33156895,6.244939386,3.121271618,2.774761175,0.385094025,0.323939303,0.032418904,1.3176172259999999,1.464131171,0.197879096,0.550836468,1.3435549269999998,2.460438619,0.0,0.0,7.279172403,12.01181802,10.29363415,0.518404025,2.152976131,10.12356724,2.207336335,2.50067461,1.877711066,1.8060611869999998,0.29477147,7.216328687000001,11.07977365,0.064554538,11.77523242,1.277762147,6.1399245,0.0,1.3996454230000002,4.952273753,9.222987414,0.8768492609999999,0.314320105,0.0,0.18652544899999998,0.227929445,0.12223892800000001,5.382625517999999,8.894202353999999,2.227775518,0.0,0.8263442940000001,0.0,2.200733757,0.0,0.859015935,4.465488057,0.185856117,5.524375965,1.4086817880000002,0.0,0.8870138759999999,11.5926495,5.32843848,4.029629987,7.579798434,8.999844696,7.662604587000001,3.768638497,3.1146211239999997,9.204791229,7.903981166,0.23166914800000002,0.802814908,0.173311469,0.34947113399999996,4.708309044,9.954155953999999,25.28915647,0.184857098,4.23202311,0.152339529,8.166078752,2.6551357909999997,6.260620696,0.573718096,0.19648893899999997,3.212499186,20.65568201,3.149107682,0.0,0.0,1.245265322,0.0,2.4063742180000003,0.102700134,1.676510344,3.777038684,2.139619926,4.3835465639999995,0.142836826,6.335426484,0.176812683,2.7494735660000003,3.707233528,0.0,0.077379485,0.518057064,2.148313908,0.05948215,5.460347212,1.348930479,0.0,0.057014657999999996,0.813037008,0.7637939140000001,10.41493988,7.692050359,0.142111305,7.828554652999999,8.14843448,12.21372582,0.683936764,2.013178877,0.990324781,0.884617322,11.34605467,0.5673994379999999,7.676987465,0.0,3.2157548910000004,5.923154167000001,0.665015855,0.0,0.0,46.58438114,4.3028252789999994,10.73577044,0.068034236,11.98388163,0.22344509699999998,0.44439564299999995,10.15705126,0.589693572,0.09255229599999999,0.9903828259999999,0.0,0.055514923,5.997254857000001,0.082198694,0.34539928200000003,3.189431232,7.172514212,7.720650984,5.901555312999999,0.601810562,0.0,3.9407896360000003,2.667811008,0.0,0.039179313,0.23308315100000002,2.725247206,0.340270095,8.571265184,0.0,0.913872586,9.137899714,2.2023879109999998,3.080901847,1.05507491,0.091025817,0.053302775,6.176226409,1.4885109509999999,20.17153061,5.035159998,1.853688376,5.5099166120000005,0.0,0.0,0.7024801070000001,0.47566447700000003,0.9122318890000001,0.89684502,7.03381727,0.172088112,1.1657253920000001
2002,0.0,0.045573659,0.895577672,1.232378783,7.566239884,28.50146173,3.117424829,1.028353516,0.0,4.980969957,17.9819247,8.583317475,3.2036417630000003,0.03132403,10.72798848,0.298818443,0.078092606,0.20705312899999997,5.56323884,23.42410876,7.800895463,3.872969895,5.254649833,1.9818054280000001,0.0,0.9493502429999999,1.7698807719999998,5.010551434,13.32268255,0.389594569,2.36413982,0.065752635,16.72030149,5.980985175,3.131771583,2.9756795210000004,0.39694656100000003,0.3136156,0.033084915,0.833742146,1.388856179,0.19315867,0.632118389,1.346038764,2.358999348,0.0,0.0,7.3390326770000005,11.624102699999998,10.10298472,0.535513237,1.71821302,10.01500952,2.393130244,2.586712195,1.838936694,1.8107284430000001,0.274076516,7.548593756,10.83843826,0.065153465,12.1985969,1.079414216,6.0030481710000005,0.0,1.308081144,4.62621577,8.940301425,0.743996199,0.366979247,0.0,0.18984222899999997,0.213635204,0.119573939,7.032327616,8.860741473,2.315797548,0.0,0.861904487,0.0,2.175112689,0.0,0.878880862,4.713895971,0.20904376300000002,5.473190665,1.40616085,0.0,0.901339542,11.17258201,5.49708091,3.656356845,7.790681127,9.296803932000001,7.77212967,3.806386039,3.172535294,9.467613288999999,8.820274326,0.219840481,0.995852243,0.17487333300000002,0.458148155,5.092100695,9.717757697,26.01321211,0.202066285,4.026584099,0.148773753,8.24248791,2.6977515,6.49254829,0.597508967,0.201987158,3.258722606,22.009300600000003,3.1815798660000003,0.0,0.0,1.272120189,0.0,2.4669266309999998,0.06680536,2.107517395,3.79604559,2.291475659,4.1432422760000005,0.12051418,5.859044353,0.173996307,2.9024577110000003,3.92917514,0.0,0.083670206,0.557935865,2.16665648,0.058051867,5.633584028,1.150406836,0.0,0.057424174,0.717284684,0.777878504,10.36786976,7.573555473,0.1128384,7.9192237389999995,7.9878437170000005,12.83588708,0.6842541659999999,1.7178992880000001,1.023210818,0.8796137279999999,11.20048869,0.591937078,7.515492328,0.0,3.050628348,6.2958082179999995,0.683302363,0.0,0.0,50.71215469,4.313753256,10.77267705,0.06645258700000001,12.48548405,0.268596325,0.445365248,9.887570712,0.597105395,0.100689319,0.996286745,0.0,0.059991569,6.480338727,0.10017605800000001,0.40691759,2.322552827,7.08027204,7.781282035,6.052689599,0.60840741,0.0,4.180452133999999,2.591218285,0.0,0.044349704000000004,0.257839084,2.875645602,0.331421531,8.982611315,0.1842421,1.00986641,9.927889936,2.199313652,3.194548471,1.0424267459999998,0.101033569,0.0592039,6.305486056,1.361977618,19.445549,5.139710761,2.127758029,5.607478795,0.0,0.0,0.8156066040000001,0.412526354,0.963664202,0.872385373,7.1790563999999994,0.174995603,1.04481292
2003,0.0,0.051518377000000004,0.924869437,1.3389849809999999,7.24241557,27.96926982,3.351723713,1.159732241,0.0,5.169522468,17.72168373,9.168343907999999,3.469717358,0.023157659,11.13131453,0.324444105,0.082183395,0.212401957,6.1643710039999995,23.03816133,7.600847317,3.9524966480000003,5.379335611,1.892898995,0.0,1.0195579879999999,1.7095390240000001,5.030419439,15.62433655,0.414118231,2.260164586,0.059260253,17.20830161,6.109823415,3.167262617,3.427437253,0.301711176,0.310103009,0.038891149,0.948071795,1.352573854,0.24004952,0.689003728,1.392873768,2.282445178,0.0,0.0,7.880736102999999,12.04336087,10.13870882,0.539730051,1.997089963,10.98769807,2.116308325,2.733373662,1.8444722340000002,1.826542965,0.265285439,7.553396348,12.35846893,0.069557428,13.75595751,1.28664166,6.052063904,0.0,1.496697877,4.878987517,9.104141448,0.7996485809999999,0.344091272,0.0,0.194216978,0.20690726199999998,0.148056138,7.29608142,9.17087841,2.403776814,0.0,0.8489501740000001,0.0,2.1740822619999998,0.0,0.947043924,5.021612128,0.203368312,5.74457771,1.5155499680000002,0.0,0.910255466,11.032095199999999,5.721566758,3.1694901160000004,7.702377441,9.406998865,8.064459636,3.9085596910000002,3.18547751,9.51275428,9.802120407,0.188299589,1.108401275,0.185125113,0.450247626,5.027432385,9.723895501,26.88716685,0.20621736,3.967297222,0.155993308,8.703781959,2.803214278,6.7306568,0.6455460160000001,0.20313572,3.288228155,22.67342686,3.317373005,0.0,0.0,1.2507183659999999,0.0,2.677168603,0.089703541,1.751018304,3.925940997,2.057420731,4.509631983,0.11683518,6.548213153,0.217865792,3.08688854,3.771116497,0.0,0.09828723,0.517998712,2.2664150259999998,0.062499047,5.850077034,1.208016751,0.0,0.060088632,0.765727934,0.861659269,10.49965052,8.14264597,0.12041044699999999,7.007007037,8.293603875,13.28492122,0.690167072,1.723248273,0.992246987,0.88655329,11.10438112,0.655592497,7.793047036,0.0,3.0897399080000003,5.78650313,0.6994517929999999,0.0,0.0,50.95403383,4.548925393999999,11.13042089,0.064273662,12.68355031,0.269173818,0.42593677799999996,9.273782135,0.60400525,0.105747392,1.086072535,0.0,0.059090743,6.971374525,0.108136711,0.46541006100000004,2.520812109,7.133321044,7.721473688,6.161932315,0.6159586029999999,0.0,4.107222715,2.5483465819999997,0.0,0.048005565,0.34329908200000003,2.9733600019999997,0.333254361,9.955426851,0.17949340800000002,1.204928129,12.03679739,2.161829096,3.3161141880000002,1.028383358,0.10347358,0.060429830999999996,6.906706612000001,1.350919896,19.50649945,4.768134876,2.123299091,5.3135567539999995,0.0,0.0,0.861465129,0.45235225,0.9578490190000001,0.984988137,7.557705904,0.184778179,0.849592242
2004,0.0,0.041655394,0.930262948,1.404058688,7.344262326,27.03893822,3.672973996,1.25303469,0.0,4.978406237,18.17472687,9.2756141,3.4081742569999998,0.02103289,10.94122423,0.34193536399999996,0.081347129,0.22286879699999998,6.125548534,21.60641891,7.055658167000001,4.136343582,5.7594203539999995,1.591227985,0.0,1.046416775,1.785371856,4.940370507,14.18897462,0.45396979600000004,2.248612758,0.058082525,16.79426996,6.127509688,3.432413196,3.954107458,0.304387853,0.296651275,0.036556273,1.002715302,1.333540814,0.25115953,0.722703201,1.405865264,2.25414834,0.0,0.0,7.699844825,12.10540157,9.950402591,0.5184039970000001,2.273146979,9.941672844,1.925467548,2.737354064,1.9255111319999998,1.948172596,0.250017559,7.817921309,12.49128506,0.071794656,12.94525129,1.7973648780000002,6.024888047,0.0,1.500600207,4.498488798,9.053158584,0.8580871240000001,0.31402298,0.0,0.198303128,0.21382884100000002,0.152265871,8.647755711,9.113529104,2.20420528,0.0,0.847650879,0.0,2.239395333,0.0,1.038040468,4.901733118,0.18458989899999997,5.575263132999999,1.5282664419999998,0.0,0.961090201,10.97963685,6.057320614,3.348428329,7.94319225,9.275958268,8.18925745,3.878874772,3.329605285,9.469634517000001,10.52622175,0.208781937,1.089192302,0.182145538,0.552498406,5.181011477,10.10575182,28.13454038,0.21369789999999997,3.9130059,0.17859113399999998,8.486622726,2.7808503719999997,6.677505637,0.6638416629999999,0.214361955,3.5267205639999997,25.45323535,3.367030096,0.0,0.0,1.36110692,0.0,2.6872556760000004,0.092681049,2.4095224330000002,3.962113262,2.386371893,4.349229415,0.11965322099999999,6.479459874,0.209000441,3.3259802460000003,3.8295238730000003,0.0,0.09592904599999999,0.557966222,2.268626679,0.062592276,6.282887624,1.2475514779999999,0.0,0.060186287000000005,0.729601662,0.844372659,10.57132609,8.13169251,0.11054576099999999,7.066424419,8.034250802,12.78253668,0.757349952,1.71593431,1.130891406,0.887020622,11.58048458,0.779006515,7.905511787999999,0.0,3.13153895,5.92625189,0.69277746,0.0,0.0,49.20805129,4.4448591539999995,11.11272164,0.064512294,12.96390807,0.29224679600000003,0.498608417,9.508805829,0.676045531,0.097534129,1.108934347,0.0,0.057254255999999996,7.550423832000001,0.131700176,0.455326015,2.8155890169999997,6.967246737999999,7.861745352000001,5.958727462000001,0.6138633689999999,0.0,4.607456747,2.600429127,0.0,0.046226095,0.325544047,3.2339260339999996,0.390250273,10.49667069,0.20578482,1.297223893,12.47950794,2.243002992,3.351692121,1.013068562,0.13590239999999998,0.060772595,6.472697367,1.643842557,19.5976305,4.826720808,2.303722816,5.37031892,0.0,0.0,1.02392387,0.342930489,1.063847644,1.004600958,8.035040257999999,0.182673836,0.8128180359999999
2005,0.0,0.060418781,0.8135392909999999,1.3382093990000001,7.3537800120000005,25.38238104,3.753639235,1.4960107630000001,0.0,5.033021488,18.14629201,9.26611356,3.5796637110000002,0.020366995,10.55578237,0.36330732600000004,0.078975196,0.23526364100000002,6.265854173999999,23.26923202,6.4953451929999995,4.3103767589999995,5.875465459,1.6561075090000001,0.0,1.088569382,1.782061764,5.138969156,13.66703853,0.49326081299999996,2.378997792,0.05447729,17.02748527,6.165024807999999,3.4586290460000004,4.46770003,0.320357185,0.283081514,0.040338851,1.189695728,1.351537304,0.245248324,0.9502541879999999,1.463071784,2.337148577,0.0,0.0,7.687389951,11.750803999999999,9.729424378,0.548995985,2.266931091,9.262963492,2.054464358,2.841351373,2.041105738,2.1479385619999998,0.21226518600000002,8.029202012999999,12.71797866,0.066145963,10.57167065,1.570095596,6.025069386,0.0,1.507513981,4.357987805,8.955450043999999,1.086491596,0.322718935,0.0,0.20088731199999998,0.21376588300000002,0.156141834,11.10033354,9.278882623,2.388732825,0.0,0.890464915,0.0,1.983499455,0.0,0.9344438409999999,4.9766308939999995,0.184877283,5.543733303,1.5120014069999999,0.0,0.99029291,11.21417451,6.461795522,3.1620650410000004,7.717349417,8.803624525,8.173783064,3.854014752,3.44627904,9.49198928,11.17116807,0.22716786600000002,1.0266145340000001,0.200401487,0.758240452,4.6956373010000005,9.982450603,30.79469952,0.21906661800000002,3.67756536,0.20819648300000002,9.13838937,2.692646612,6.624805697,0.715272864,0.21541845399999998,3.861517472,25.60420297,3.443810739,0.0,0.0,1.430937324,0.0,2.8323012189999996,0.093255492,2.2527879140000002,4.077064206,2.533615661,4.531495635,0.129153365,6.512577232999999,0.218999293,3.2559449480000002,4.377720656,0.0,0.08343935400000001,0.499305929,2.409925014,0.06019349,6.51677658,1.305256713,0.0,0.055781969,0.710906213,0.797986014,10.28991121,7.862364379,0.123909964,7.1080422720000005,8.280316297999999,12.34841248,0.758995364,2.137995571,1.1228681440000001,0.888142335,13.14193239,0.7590568459999999,7.895886085,0.0,3.245877438,6.233261377000001,0.635291843,0.0,0.0,44.53380584,4.442373285,11.23183738,0.062215648,13.23848219,0.339262193,0.511265752,8.650271986,0.723530496,0.07970768,1.13018176,0.0,0.055519094000000005,6.81246772,0.120754825,0.508026812,3.383647687,7.169436843,7.958113965,5.560617832999999,0.6404192089999999,0.0,4.586159396,3.116357851,0.0,0.047540614,0.311851627,3.3289925260000004,0.363806796,10.64010576,0.211027698,1.288302169,13.56732808,2.2727321519999997,3.460795614,1.000300068,0.147202921,0.07296477900000001,6.27128609,1.6316460080000001,19.46926248,4.554973915,2.301665485,5.575723505,0.0,0.0,1.101837882,0.334476927,1.168471269,1.049861435,7.887328758,0.19314716899999998,0.870271087
2006,0.0,0.066583291,0.821840076,1.3399957390000001,6.790542772999999,22.93510429,3.94249129,1.51776299,0.0,5.319470442,18.14145349,8.961569195,3.5935906760000003,0.023659773,10.30057207,0.422300744,0.089665522,0.254752395,6.439923574,23.46563028,6.34379729,4.756438946,6.15517613,1.750544009,0.0,1.1952594859999999,1.7836250009999999,5.297774677,20.30994264,0.486763075,2.22777692,0.05585133900000001,16.595349900000002,6.077017721,3.4944496660000004,4.910276132,0.303920338,0.279306978,0.040298316,1.276319812,1.335388783,0.271380387,1.065709517,1.5096350719999998,2.37806834,0.0,0.0,7.651782674,11.77860313,9.886441613999999,0.54118412,2.403914163,10.69102319,2.209643748,2.9669146810000004,2.143053343,2.22117664,0.17819148,7.698212561,11.86507343,0.068799271,12.72627915,1.66693039,5.8400181060000005,0.0,1.3286009890000001,3.803812803,8.908600278,1.211231833,0.380266256,0.0,0.20413817899999998,0.226209665,0.159700111,11.94400452,9.137630592,2.477653381,0.0,0.871846874,0.0,1.782041634,0.0,1.043973254,5.012573327,0.184059902,5.506698601,1.589363176,0.0,1.042663453,11.05861518,6.862471364,3.022428749,7.669973612000001,9.120036553,8.025766415,4.378426925,3.3664093889999998,9.303737228,12.1047148,0.247018262,1.019469602,0.21962196399999998,0.74198917,4.859189237,10.07157738,30.51404573,0.280530097,3.409835694,0.207256313,8.989490546,2.902441614,6.576125922999999,0.629570172,0.216087681,3.981762324,24.79704354,3.696429298,0.0,0.0,1.4608165659999999,0.0,2.7707419439999996,0.086863187,2.6565777930000003,4.167900165,2.5105352930000002,4.519102898,0.143145185,6.538237822999999,0.20222694,3.544571467,4.853735335,0.0,0.08823484300000001,0.5559290370000001,2.674238776,0.06012166099999999,6.64454285,1.283405301,0.0,0.053026134,0.622779937,0.82520869,10.01462043,7.9816732120000005,0.100511426,5.08802287,8.189552277,15.1854899,0.80769342,2.208349617,1.097428645,0.790431773,12.79099514,0.719133232,8.234912499,0.0,3.28166461,5.74494832,0.667995676,0.0,0.0,42.79830768,4.6834540989999995,11.56836194,0.060818225,13.69237149,0.407430716,0.4893575,8.445106954,0.7067343540000001,0.101213876,1.1909079390000001,0.0,0.053883794000000006,7.1523314860000005,0.12646370699999998,0.494816783,3.027952098,7.048132949,8.117126246,5.385163218,0.627355577,0.0,4.609928909,3.1590947689999997,0.0,0.048770588,0.27243319,3.341004691,0.388582894,10.79392259,0.19676576399999998,1.474723302,15.40053638,2.34285906,3.797151008,0.9883375940000001,0.152976088,0.08399986699999999,6.497208272000001,1.9035286619999998,18.94591375,4.808169683,2.301983389,5.494560701,0.0,0.0,1.121162316,0.326524521,1.105742135,1.0595694629999999,7.832423319,0.179077245,0.808687685
2007,0.0,0.065312346,0.811753508,1.39393137,6.53104692,21.37028576,4.1026296360000005,1.773161431,0.0,5.474300638,18.52109701,8.587801761,3.219791775,0.02289428,9.843115874,0.473104595,0.098933279,0.26629679100000003,6.971191811000001,22.20240095,6.28358498,5.02020957,6.029733806,1.772391396,0.0,1.26380481,1.8543058559999999,5.310350587,19.04167531,0.481294913,2.303437439,0.057170025,17.38057011,5.766034471,3.9061835780000003,5.306366015,0.29523374,0.327277496,0.042255675,1.070657483,1.353071942,0.17143997,0.9682844909999999,1.725458621,2.460200201,0.0,0.0,7.812294746,12.00330783,9.527586652,0.583520389,2.542480715,9.779475634,2.2090499269999997,3.0072898460000004,2.14317376,2.34430544,0.17019629,7.842252141,14.90288476,0.073877268,12.30921631,1.50684357,5.6677814920000005,0.0,1.34045691,3.3546906639999996,8.650989769,1.4584895530000002,0.39714428399999996,0.0,0.208023423,0.250023476,0.162942027,10.39326453,9.441123453,2.662027145,0.0,0.920826905,0.0,2.156797884,0.0,1.093677158,5.308317229,0.21589546199999998,5.355128938,1.635120972,0.0,1.129757683,10.5388979,7.207252776,2.746205329,7.638831305,9.275636617,7.860767964,4.342126485,3.3715463480000003,9.570784183999999,12.81242182,0.24208174100000002,1.2280767959999999,0.267544785,0.621561971,5.233519647,10.34618659,28.19459481,0.29100329199999997,3.154794472,0.18486898899999998,8.266404753,2.8632100719999998,5.6790755310000005,0.6849092840000001,0.221447602,4.088145504,23.14617017,3.876699912,0.0,0.0,1.487308731,0.0,2.832852436,0.08850687,2.595682231,4.187211587,2.497948125,4.746620875,0.151632184,6.687581821,0.20938514,3.4097826739999997,5.019625678,0.0,0.10289148699999999,0.621387214,2.742753963,0.062210457999999996,7.108435391,1.3057458229999999,0.0,0.055837755,0.554325672,0.840777159,10.04474769,8.016303569,0.10196119699999999,4.062563387,7.876793517,15.90418587,0.871590759,2.165811399,1.193306099,0.818965455,12.52674955,0.74171961,8.220760788,0.0,2.7132917919999997,5.577179172,0.620162281,0.0,0.0,40.89652419,4.632001472,11.61127902,0.062542059,14.08083313,0.431388535,0.530500422,8.34459514,0.690870158,0.083477457,1.24962947,0.0,0.055956063,6.971408026000001,0.140707119,0.481066996,2.758318417,6.919556134,8.066906107000001,5.152987026,0.633001864,0.0,4.704056142,3.199475612,0.0,0.046219132,0.253362971,3.39351756,0.462997899,12.00786333,0.192977922,1.267340585,15.66739272,2.4018098869999998,4.152950584,0.97856931,0.145275175,0.09733321800000001,6.711338281000001,1.755832412,19.04291352,4.562304668,2.488112451,5.2257811389999995,0.0,0.0,1.230865213,0.501221154,1.098629476,1.093385887,8.083507513999999,0.158362527,0.7963498640000001
2008,0.0,0.128416559,0.888658009,1.384311249,6.4393038570000005,22.01146924,4.172388531,1.956930356,0.0,5.621003692,18.30374802,8.49967402,3.474678865,0.022150837000000003,9.984152182999999,0.46223287,0.11572715300000001,0.288141386,6.678624427000001,22.21335064,6.4013036770000005,5.529716828,6.352864617000001,1.62960935,0.0,1.3485632509999999,1.9456819280000002,6.358369012000001,20.847719,0.44668716299999994,2.291667032,0.039781269,16.55692294,5.878910791,4.069245883,5.435075622,0.330008281,0.33190194100000003,0.042210719,1.086878789,1.350808645,0.167369873,0.9982405790000001,1.6849188290000001,2.380533907,0.0,0.0,7.849714277,11.39282817,9.617453045,0.575725689,2.541332041,9.125129139,2.1759175330000002,3.102451083,2.1801436,2.38509982,0.146925243,7.056387715,13.76122746,0.078271761,10.663607199999998,1.147445607,5.561011371,0.0,1.1588716190000001,3.4704432689999996,8.337891639,1.25764955,0.367512374,0.0,0.206391015,0.25454511399999996,0.152045425,11.36100912,9.064040878,2.749935914,0.0,0.818091212,0.0,2.142431558,0.0,1.076312315,5.042108344,0.21043748899999998,5.280833386,1.5974026669999999,0.0,1.18632121,10.19702642,7.25243453,3.105080315,6.868002252,9.127353202,7.564248487,3.458106721,3.051945799,9.044142107,15.34074602,0.24904513,1.411999216,0.292426404,0.607533401,5.189090456000001,10.49685145,28.55410798,0.33903181600000004,3.914165316,0.149673095,8.792257212,2.8821665039999997,6.202599418999999,0.641013344,0.23148964,4.083507545,22.55192972,3.724758973,0.0,0.0,1.5420077580000002,0.0,2.841737072,0.08901568300000001,2.533134579,4.146991471000001,2.314567447,4.631398117,0.147375805,6.644209958999999,0.158222646,4.360024664,4.9280007580000005,0.0,0.10055396300000001,0.576414856,2.789117802,0.069930583,7.450065402999999,1.4436850509999999,0.0,0.056390068,0.578493505,0.794009849,10.04646055,7.73245798,0.11212536099999999,4.048582905,8.021502927,15.01659837,0.828201836,2.076102578,1.340577361,0.8267148009999999,11.22514397,0.68231992,8.087182909,0.0,2.995868919,5.38350514,0.7103749220000001,0.0,0.0,36.91870848,4.646050196,11.59564597,0.05879554,15.05376806,0.452196556,0.536456559,7.9390068860000005,0.635720317,0.084778933,1.126918203,0.0,0.054399384,6.779387321000001,0.141926252,0.5259405779999999,2.8233183619999997,6.896893753,8.588464451,5.005620235,0.600029711,0.0,4.830028829,3.15911159,0.0,0.048285037999999995,0.258078651,3.4206621010000005,0.421641055,12.01029603,0.19897140600000002,1.257447915,15.23071679,2.424521757,4.078325237,0.969461927,0.145267073,0.09759549099999999,6.511279813,2.3202057590000003,18.27849449,4.720395157,2.306251787,5.467902249,0.0,0.0,1.363466232,0.445037835,0.927593178,1.106332654,8.572609815,0.170447505,0.613915535
2009,0.0,0.17186242100000002,0.9394039829999999,1.4414935619999998,6.156687476,19.83234887,3.8675699669999997,1.561583601,0.0,16.02434762,18.22309955,7.721143982,2.8500399510000003,0.021434541,9.231701272999999,0.494146663,0.11425855800000001,0.306664813,5.7640309489999995,20.8594387,17.64874164,5.511323147000001,6.03919199,4.640002664,0.0,1.4163173930000001,1.8051797880000002,16.43502256,20.50002315,0.471747475,2.144873704,0.039191973,15.50214503,5.639327378,3.8759495310000003,5.798318753999999,0.300610999,0.355231325,0.040032941,1.1675592590000001,1.385696614,0.20794622,1.047944468,1.5926599190000001,2.40319712,0.0,0.0,7.540372167,10.64445418,8.97178632,0.567756274,7.05736224,8.678105357,2.052891491,3.1745732939999995,2.335118311,2.436192983,0.150644888,6.200856827000001,11.27750545,0.076612691,10.14821304,1.136315747,5.312096451,0.0,1.262491335,3.3143711839999996,7.490653987999999,1.473356725,0.414133624,0.0,0.21275591,0.281564377,0.154994881,10.76987412,8.529742762,7.656895482,0.0,0.846417112,0.0,2.179966238,0.0,0.990089255,4.717571565,0.203101721,4.773188743,1.6389199509999999,0.0,1.285083612,8.943031474,7.436286869,3.2512852139999997,6.6248242379999995,8.780859697999999,6.71897022,2.8184742089999997,2.997131378,8.598248928,13.27361979,0.286295484,1.255735372,0.337032292,0.5944831829999999,14.40358831,10.68065582,27.525300599999998,0.413100752,4.550151946000001,0.143841627,9.19467249,7.9548028120000005,5.8785654460000005,0.610728505,0.26631357699999997,3.695956383,20.97299341,3.4365721939999996,0.0,0.0,1.5268209830000001,0.0,2.667275485,0.082162021,2.575051504,3.986790881,2.488667685,4.325413431,0.17213678699999999,6.085187757000001,0.149053636,2.830368724,5.101365454,0.0,0.108758711,0.692519115,2.7416390639999997,0.069365009,6.559572504,1.451198166,0.0,0.06816834599999999,0.49862321299999995,0.7640711570000001,9.708786357000001,7.751527071,0.144326283,4.022121578999999,7.2444568579999995,15.15548722,0.826887879,2.430700533,1.4298780969999998,0.825631075,10.93493729,0.704011101,7.791547049,0.0,2.266220325,5.327278898,0.741405323,0.0,0.0,32.67180019,3.962688135,10.83213407,0.060310114000000005,15.26569182,0.458208051,0.540733711,7.785350075,0.640550355,0.082898446,1.0848244790000001,0.0,0.052058039,6.402299491,0.14110299199999998,0.51172128,2.771867737,6.295477883999999,7.604175102999999,4.611489154,0.66196231,0.0,5.154757132,2.8624146130000003,0.0,0.068338263,0.451139356,3.2940096210000003,0.327234384,10.46136004,0.214095692,1.347488384,14.41418595,2.402692699,4.035674599,0.960338018,0.137670596,0.106968566,5.463665486,2.28977372,16.80869862,4.196647823999999,8.218444273,5.443613924,0.0,0.0,1.51896401,0.564618384,0.975329619,1.180025411,8.007605605,0.188420224,0.618665464
2010,0.0,0.243614036,0.976184198,1.5276236630000002,6.157197775,19.03976975,4.099689714,1.508351244,0.0,5.56628433,17.59006927,8.365014901,2.6849025930000003,0.034579717999999995,9.794792242,0.525042566,0.14674585099999998,0.342739986,6.0495440160000005,20.92896507,5.8602112029999995,5.624105757000001,6.50264283,1.7366225869999998,0.0,1.509663496,2.03322568,5.493901599999999,18.44923521,0.583513988,1.6959336269999998,0.038752931000000004,15.79214123,5.777702857,4.0879046610000005,6.335417691,0.309259106,0.34462017100000003,0.04104464,1.268210657,1.4054888980000002,0.24648541100000002,1.0961262520000001,1.5532933930000001,2.504045857,0.0,0.0,7.100376945,10.71659406,9.453399722,0.618904659,2.539610976,8.673891232,2.133032567,3.173654529,2.481494711,2.42033575,0.157706966,5.866642426,14.26988866,0.073824767,11.65875348,1.349125821,5.348198409,0.0,1.068832829,3.546479337,7.6862823339999995,1.4049191109999999,0.45158086700000005,0.0,0.24528638100000003,0.24537153899999997,0.157624801,10.54427516,7.874949777,2.7300026510000004,0.0,0.802261619,0.0,2.348451477,0.0,0.983472529,4.530399209,0.247253132,4.787989093999999,1.718201745,0.0,1.3448961469999998,8.813296615,7.336652683,3.649723858,6.162727567,9.250222551,6.836836177,2.661482239,2.7817787939999996,9.030061533,14.07314044,0.300732682,1.165586722,0.35913403,0.48576703299999996,4.896859779,11.60791602,26.97965604,0.460861368,4.21153464,0.187595232,9.608454155,3.044367182,5.278364196,0.645058173,0.275609793,4.068083042,21.7574405,4.061872255,0.0,0.0,1.600327236,0.0,2.900589865,0.088409221,2.624887153,4.056954882,2.483987165,4.204371545,0.18472556,6.248371356,0.160669313,4.16513287,5.261219125,0.0,0.113889571,0.6868525259999999,2.927063408,0.061212099000000006,7.097979383999999,1.477197645,0.0,0.08321173,0.568190395,0.7743741959999999,10.29828126,8.469598181,0.17176782699999998,3.996403148,7.136782411,15.47953576,0.7837273229999999,2.522860045,1.550244456,0.871903845,11.696557499999999,0.686682408,8.247028077000001,0.0,2.10274697,4.817886772,0.80665593,0.0,0.0,32.63430234,3.83367893,11.32541814,0.059764899,16.26936986,0.47532185299999996,0.554497627,8.353799225,0.644108967,0.08728674800000001,1.057588947,0.0,0.052308698,6.459632707999999,0.137773316,0.554409784,3.288441712,6.571542882999999,7.70288523,5.132155515,0.610419749,0.0,4.9014147,2.859678544,0.0,0.103747164,0.409550549,3.4880555589999998,0.325477725,11.63309332,0.21947532100000003,1.154056965,16.157885800000003,2.587622613,4.107871448,0.9504799709999999,0.155818269,0.102688512,5.862560917000001,1.8694521730000002,17.43173849,4.419796581,2.309255496,5.770054176,0.0,0.0,1.7212008630000002,0.550343733,1.021813006,1.098257856,8.304084027,0.195502192,0.756040796
2011,0.0,0.29650624,0.9855223120000001,1.66942319,5.850886105,18.50945738,4.280989353,1.71734338,0.0,6.050420408,17.29541584,8.135474381,2.9739187639999995,0.040185722,8.740505152,0.491500279,0.15296686,0.364566595,6.755278124,20.35750059,7.147167506000001,6.484260582999999,6.18814293,2.028852144,0.0,1.626366425,2.117869375,6.219366934,18.61885184,0.8510060970000001,1.925170469,0.042999665,15.9959443,5.2057541380000005,4.4372662830000005,6.901344429,0.291031488,0.325737695,0.045239954000000006,1.224162351,1.51326854,0.212290796,1.142609706,1.6036826919999998,2.455353561,0.0,0.0,6.783205135,10.401017800000002,9.299036295,0.562277492,2.5383575019999998,7.73708669,2.130799267,3.294742583,2.433762684,2.434305307,0.17735080600000003,5.87043563,13.68801133,0.08364772599999999,10.22962444,1.285539092,5.128951791,0.0,1.160003067,3.431022623,7.043919991,1.7356854480000001,0.46282231100000004,0.0,0.251428453,0.243487777,0.153551253,10.12300595,7.61375705,2.903002289,0.0,0.808455576,0.0,2.433416853,0.0,1.038833066,4.445615774,0.267318268,4.704300453,1.939122786,0.0,1.4050683330000002,8.008586809,7.396667663,3.6790521989999996,5.9245048360000006,8.990702786,6.680594198,2.664607715,2.7091719860000003,9.493010565,14.82436446,0.301772158,1.38178651,0.368602225,0.47739533799999995,5.6632013510000005,11.98478721,26.29058751,0.47892387700000005,4.071493797,0.211577212,6.714752633,3.361095454,4.958814489,0.755938089,0.28446051699999997,3.913325743,21.02838372,3.835493313,0.0,0.0,1.7064315030000001,0.0,2.9162542539999996,0.100717581,2.654450911,4.134993377,2.476824015,4.6246393480000005,0.20110098199999998,6.173907034,0.17042352,4.09625219,5.6779684139999995,0.0,0.138501288,0.68359045,2.906410475,0.062156975999999996,7.07620238,1.544026991,0.0,0.082384979,0.583519875,0.8080589020000001,9.511130441,7.995012096,0.192299009,3.9725890460000004,6.909215537000001,16.49286886,0.772880261,2.695280284,1.654916644,0.86460139,11.83231877,0.690560024,8.159838047000001,0.0,1.503644026,4.723629222,0.824126215,0.0,0.0,33.49441289999999,4.172223886,11.88499702,0.066062179,16.40642066,0.45035773700000004,0.580797008,8.636708162,0.646326454,0.112749227,1.091687798,0.0,0.050903722,7.081738796000001,0.130204423,0.5419437429999999,3.6436544310000003,6.320409762000001,7.647930119,4.7178534160000005,0.615655011,0.0,4.688875887,2.699957327,0.0,0.088989667,0.38205325700000003,3.459798792,0.332575202,12.649600999999999,0.224587074,1.06220668,16.65943228,2.4520865780000003,4.32606106,0.9410878770000001,0.179316146,0.111719254,6.199174358,2.258880169,16.60421817,4.3842070689999995,2.492729638,5.540040739,0.0,0.0,1.755008127,0.5357333989999999,1.066843067,0.963978488,7.869815906,0.217496732,0.88488553
2012,0.0,0.259295334,0.9506958790000001,1.50324046,5.944654172999999,19.20780112,4.264223782,1.9831920269999999,0.0,7.74276315,17.02204223,7.723614487000001,3.2391028680000002,0.04001734,8.577525877000001,0.45635565200000006,0.177415687,0.38402516600000003,6.16215311,20.90093256,9.763986436,6.091586587999999,6.344981391,1.982242705,0.0,1.6786030319999998,2.279272333,7.472734687999999,18.29587739,0.912224067,1.67193666,0.045081487,15.73447396,5.317086348999999,4.506229076,7.046182675,0.37313453399999996,0.320219438,0.041002162,1.166246226,1.512727212,0.221035685,1.04900428,1.589162765,2.548611094,0.0,0.0,6.255253007,10.09153928,9.451317705,0.575946626,3.523409533,6.835287325,2.183081632,3.6093076510000004,2.396908547,2.487785551,0.190763128,5.756946794,12.7693736,0.09145126199999999,9.126387978,1.19066194,5.154142128,0.0,1.24394767,3.200590683,7.343460282000001,1.9281960340000002,0.561999712,0.0,0.23281943,0.241467286,0.155765084,9.522968776,7.251237354,3.81565719,0.0,0.8219488090000001,0.0,2.647645978,0.0,1.06935877,4.079616457,0.236076333,4.377864468,1.938042616,0.0,1.508508252,8.072558903,7.40165311,4.045153699,5.799523611000001,9.615068271,6.327708948,2.448869311,2.98147233,9.822297325,14.56638251,0.273997499,1.794121918,0.383614744,0.564127142,6.816222682,11.9586009,25.47440065,0.50740729,4.2382827480000005,0.22970929199999998,9.168355709,4.245587419,5.189130073,0.8249694190000001,0.307694142,3.992940664,20.13387346,3.721147063,0.0,0.0,1.7471927090000001,0.0,2.8466934439999996,0.122613506,2.8698666160000004,4.147972825,2.468613355,4.390978645,0.194624453,6.475758827000001,0.23262280899999999,3.754425023,6.0679050960000005,0.0,0.14801305,0.736532985,2.9700242689999996,0.061704298,7.080248362000001,1.608363844,0.0,0.106208361,0.570117077,0.783949275,9.398409929,7.66951117,0.222311476,3.946329825,7.284317645,17.30973775,0.7678871290000001,2.7740685689999998,1.630811042,0.8865102440000001,12.47519131,0.640806964,7.969647665,0.0,1.551572969,4.585897919,0.806663826,0.0,0.0,34.18822184,4.080658872,11.70209407,0.071092285,16.89149679,0.436539089,0.555887582,8.22409727,0.6294216770000001,0.128117541,1.085297312,0.0,0.04954588,6.360537735,0.140404329,0.636962946,4.508108234,5.982344127,7.3499422679999995,4.426761612,0.630046751,0.0,4.86959681,2.3010087880000003,0.0,0.145485857,0.330685538,3.695384563,0.38349995,13.1000823,0.264783303,1.070705492,16.00221329,2.562000447,4.40556459,0.930752027,0.20976330899999998,0.109379114,6.077860783999999,2.521474843,15.78978264,3.799895864,3.319961399,6.169104327,0.0,0.0,1.7318114569999998,0.480952275,1.057703002,0.858490955,8.077957969,0.27860069,0.9157349440000001
2013,0.0,0.18562366,1.036293852,1.5336300390000002,5.942800412,20.05564757,4.342115069,1.89812717,0.0,5.1360506919999995,16.44231571,7.753699576,3.285616903,0.040879208,8.655477512000001,0.467785082,0.183332656,0.39669702799999995,5.458963807999999,21.93867997,7.653297299,6.167789961,6.352712195,1.330606578,0.0,1.777588045,2.421656961,5.065179206,17.82826519,0.94334976,2.627813846,0.02697875,15.83846027,5.3811517989999995,4.723555077,7.324147115,0.393435075,0.34198023299999997,0.055494204000000005,1.152991586,1.6530634969999998,0.256233552,0.996599817,1.6406195909999999,2.558779773,0.0,0.0,5.621287658,9.620257259,9.62420735,0.633989062,2.393725648,7.116737849,2.1187820530000003,3.644979345,2.52745943,2.4191034719999998,0.195035548,5.208274629,14.65860673,0.105676114,9.22784648,1.3054498429999999,5.12979914,0.0,1.321727314,3.186448492,7.075818333,2.108848922,0.587425248,0.0,0.20013181800000002,0.22406589899999999,0.151675192,8.528333301,6.609996229,2.958251607,0.0,0.864132971,0.0,2.6077302330000003,0.0,1.064951336,3.9970026539999997,0.25479123800000003,4.120050589,1.7789140159999999,0.0,1.539947839,7.723057986000001,7.631864942999999,4.195185035,6.269999047000001,8.313170792000001,5.751905744,2.5885801969999997,2.79375767,9.908431318,15.26278838,0.309754058,1.639974843,0.381996121,0.556137428,4.570020747,11.89000868,24.77326637,0.635958995,3.930312343,0.216555329,9.273220725,2.873158449,5.143475842,0.703424802,0.30071067,3.830693465,18.68006408,3.701592882,0.0,0.0,1.708106064,0.0,2.51163813,0.127606246,2.719012867,4.003630132,2.459030801,3.943737473,0.19574642,5.563811012,0.262282625,3.654176435,6.377995554,0.0,0.164314407,0.678454997,3.0349905280000002,0.061871472999999996,7.589690457000001,1.6968837159999999,0.0,0.10646181800000001,0.629519877,0.737324175,9.348128895,7.776167641,0.226252797,4.898119195,7.179036805,16.73659016,0.763669285,2.672439484,1.6709217230000002,0.965899617,12.49786961,0.6727964470000001,7.841704806,0.0,1.108325444,4.452394368999999,0.814097994,0.0,0.0,32.5989398,3.6074411439999996,11.37700677,0.074919961,16.74461002,0.410546299,0.581174786,8.132743535,0.682618921,0.151515698,1.030948242,0.0,0.049756151,6.486480319,0.14002857,0.624752688,4.184215025,6.081213422,7.063268041000001,4.222750051,0.6900720709999999,0.0,4.669312465,1.568049344,0.0,0.165652672,0.251627635,3.8256930419999997,0.397033077,13.08518099,0.39885961600000003,1.179152556,16.4067872,2.542694244,4.190557931,0.9217439190000001,0.222964152,0.103377218,5.941351514,2.171452753,16.11118443,3.698682699,2.117395826,6.058551222999999,0.0,0.0,1.8104166240000001,0.428620968,1.048701723,1.106687715,8.138264312,0.284057568,0.9198241229999999
2014,0.0,0.14623561699999998,1.099779111,1.668337371,5.807127723,20.05169797,4.2090956330000004,1.881607737,0.0,5.1857132439999996,15.83042152,7.260404228,3.38119922,0.038601012999999997,8.041711215,0.50452817,0.180825362,0.413092687,5.820924713999999,22.66343283,6.799325412000001,5.597187383,6.29728587,1.358364951,0.0,1.90631555,2.523232137,4.458878192,17.27764771,0.973502632,3.346708888,0.029120747000000002,15.84990541,4.859165525,4.311060938,7.294235506000001,0.406222759,0.36372689700000005,0.069678432,1.095638253,1.686264961,0.223863893,0.964736936,1.63281817,2.3605037,0.0,0.0,5.909934628999999,9.264302843,9.088506897,0.445083888,2.5319661719999997,6.3471530739999995,2.110144291,3.7956322510000002,2.620388632,2.423232509,0.196288983,5.184067004,13.64730803,0.125797367,8.451871908,1.488838858,4.616052853999999,0.0,1.303004361,3.163816156,6.43320778,2.2772405190000002,0.554280565,0.0,0.20087938600000002,0.25691229,0.159533648,7.048195802,6.385178661,2.295684114,0.0,0.911388463,0.0,2.698556721,0.0,1.0563247820000001,3.8316444689999996,0.286282868,4.11798843,1.8967336380000002,0.0,1.657231271,7.628162753,7.81441898,3.895158431,6.261721492,7.877600352999999,5.38747546,2.500750419,2.8647280139999998,9.562839774,12.10241477,0.324410689,1.663953395,0.455006519,0.548511237,4.529699153,11.58874374,23.1838022,0.6536378110000001,4.016900628999999,0.2798481,9.116574105,2.860235383,4.298879508,0.847049783,0.298515066,3.7034926589999997,17.34616222,3.6513521589999995,0.0,0.0,1.716465376,0.0,2.6986821739999995,0.127596996,3.1492949830000003,3.840633659,2.623157336,3.7243568639999998,0.199595937,5.430805313,0.32593219100000004,3.570222461,6.163032906000001,0.0,0.184887949,0.737745687,3.132598572,0.05218069400000001,7.923564998,1.737465854,0.0,0.11174531,0.650945533,0.7748992920000001,8.881703067,7.613049325,0.264996837,4.859558824,7.078489829,16.48517399,0.789739106,2.758047289,1.76701033,1.013001909,12.48226944,0.741185071,7.516889481000001,0.0,1.246318841,4.415895251999999,0.853091846,0.0,0.0,33.20589511,3.5933535780000003,11.20820257,0.077591916,17.48316332,0.42446012,0.604596606,8.117411687999999,0.579138418,0.163884125,1.046841993,0.0,0.048422285,5.463794101,0.144956615,0.613098843,4.735413094,5.617636524,6.357966447999999,4.030482516,0.684917746,0.0,5.14453966,1.4221800880000002,0.0,0.16540342800000002,0.22275156899999998,3.752260164,0.554961272,13.06179464,0.45132000200000005,1.0888609470000001,16.17808289,2.707174624,4.410763561,0.911327784,0.214369082,0.111347325,5.25113054,1.911517895,16.04092103,3.409552819,2.480067703,5.966120779,0.0,0.0,1.97211212,0.606317818,1.092498145,1.062211282,8.212241156000001,0.304549552,0.889104126
2015,0.0,0.17289674100000002,1.13504405,1.60377515,6.026181822000001,21.07764197,4.301913876,1.8252922440000001,0.0,5.236665308,15.863288,7.3171588729999995,3.292452869,0.039369947999999995,8.437851999,0.520992816,0.204300066,0.461997426,6.207865317,22.29101801,5.905932758,5.721181036,5.79426692,1.884042732,0.0,1.909890716,2.373628508,4.451033309,15.42488346,1.057859388,3.277194971,0.042286394000000005,15.64858561,4.719648777,4.576124117,7.146449357000001,0.422368807,0.363115439,0.042363694,1.165546016,1.688318124,0.24439341899999997,0.9528528409999999,1.55534308,2.579300156,0.0,0.0,5.900152116,9.400668002,9.087290909,0.503283386,2.528977972,5.929462753999999,2.2943732569999997,3.9334959119999997,2.56106243,2.44779056,0.194446714,5.51794436,11.81383402,0.127832027,7.814537356000001,1.5887049930000001,4.677807228,0.0,1.3775876230000001,3.142183759,6.159448332999999,2.469615623,0.566623028,0.0,0.22218147600000002,0.25409182399999997,0.16117826,5.622232352999999,6.28506954,2.4634363180000003,0.0,1.0496280820000001,0.0,2.7103342230000003,0.0,1.0896636579999999,3.948992432,0.30666988,4.407180501,1.8907958409999999,0.0,1.6471519140000002,7.881824817,7.633623871,3.743646439,6.227045154,7.8925071760000005,5.563259469,2.452418296,2.731322514,9.276629423,10.87226272,0.35945271799999995,1.724051177,0.543119905,0.540896253,4.687133713,11.91474367,23.20895692,1.317280722,4.134596535,0.28173870100000004,7.997426401,2.791253329,4.270652514,0.9709108540000001,0.31568552899999996,3.8107892139999997,16.02867977,3.7015930360000002,0.0,0.0,1.742749914,0.0,2.829393394,0.135346585,3.0115582389999997,3.8703165439999996,2.611238875,3.579319286,0.209303734,3.7298927689999997,0.36142253700000004,3.793242395,5.769680108999999,0.0,0.204126905,0.8798152440000001,3.136372847,0.055537956,7.814088295,1.814332366,0.0,0.10549122300000001,0.594907347,0.846826583,9.292250246,7.610906295,0.266148113,5.783689865,7.0030803960000005,16.43412074,0.8230081359999999,2.69623958,1.7902420819999998,1.087126793,11.88791358,0.8029333120000001,7.610089275,0.0,0.996671213,4.812669696,0.952345908,0.0,0.0,33.04351032,3.700112058,11.05201007,0.086198815,17.81940147,0.48094039299999997,0.6372419539999999,8.207765834,0.513982824,0.126883934,1.106698196,0.0,0.047110993,6.397117589,0.18384314,0.601687721,4.864648366,5.669455792999999,6.367726166000001,3.9993116389999996,0.697439745,0.0,5.459274777999999,1.404090869,0.0,0.169371768,0.24989206100000003,3.841982798,0.579605995,13.18890729,0.434675741,1.190712416,15.56557092,2.7263088669999997,4.477175913,0.90098205,0.227066833,0.123477949,4.231515591,1.946065231,15.56003496,3.1684819010000003,2.290740826,5.422875575,0.0,0.0,2.380847445,0.516361278,1.2402459540000002,0.511361652,7.669937662000001,0.312354964,0.899769991
2016,0.0,0.149789334,1.031811348,1.557664358,6.080600282000001,21.48066861,4.201845776,1.72675284,0.0,5.289885738,15.91465712,7.288819983,3.3040195569999997,0.041952699999999996,8.314931807999999,0.619937007,0.198430258,0.470827565,5.8348819810000006,21.25133118,5.397924872999999,6.5972430829999995,5.822979457000001,1.7643912609999999,0.0,1.9951373609999998,2.168574696,4.513677359,16.60349981,1.262376046,3.0695510789999996,0.046279124000000005,15.42060171,4.7376563769999995,4.7498300769999995,7.115385005,0.40255679200000005,0.379494758,0.030714897999999997,1.1041968309999999,1.716241161,0.27652190600000004,1.035508551,1.64920306,2.396977609,0.0,0.0,6.169943308,9.627750042,9.073006686,0.452042086,2.5242964530000003,6.166190299,2.364937465,3.820090337,2.4140271269999998,2.448249515,0.19546533100000002,5.314294581,12.15239497,0.144493245,8.316193077000001,1.742308032,4.70474678,0.0,1.5424397930000002,3.197399088,5.804004752000001,2.588862958,0.564217035,0.0,0.24023646899999998,0.246610947,0.17391948399999999,5.480664895,6.203617147,2.539383122,0.0,1.105025419,0.0,3.215088122,0.0,1.021487509,4.043744105,0.309963776,4.50885432,1.844764783,0.0,1.657396308,8.163462657,7.6317190020000005,3.884936915,4.859303764,7.6035576129999995,5.498165145,2.6047384119999997,2.5977869719999997,9.189697811,11.36053552,0.389590299,1.595525916,0.70213092,0.622061871,4.648550129,12.02472517,23.13702198,2.2933608530000003,4.141917722,0.30740465100000003,7.847927464,2.8328926080000003,3.983534881,1.034287615,0.332523549,3.904845812,15.20582045,3.648821173,0.0,0.0,1.71723308,0.0,2.904891689,0.127739729,3.701328042,3.837647208,3.1183411660000004,3.5223331310000003,0.259943425,2.964713376,0.41210139700000004,3.454908775,5.944984219,0.0,0.26158888,0.7829890559999999,3.1975356510000004,0.065096398,7.689838122,1.751451675,0.0,0.101497009,0.595987612,0.853430475,9.309281866000001,7.404691495,0.38183016,5.72847037,6.616321362000001,16.10326029,0.8894013390000001,2.667774513,1.8385803019999998,1.1764954109999999,14.10994469,0.9260416509999999,7.895688723999999,0.0,1.1854116129999999,4.722311267,1.059328573,0.0,0.0,32.74588827,3.633591827,10.88744577,0.099410144,17.29871828,0.530272531,0.675625481,8.221450295,0.581171989,0.126895832,1.128043665,0.0,0.046525942,6.604969132000001,0.1597043,0.639697646,5.222320459,5.80025256,6.731097778,3.908058712,0.754043535,0.0,6.126091693999999,1.5081102240000002,0.0,0.151768434,0.306260273,3.79288134,0.7029430870000001,12.952170800000001,0.49209008200000004,1.4830488119999998,13.29158773,2.619440246,4.692471511,0.89031337,0.21112464,0.12484497,4.480868101,1.904128302,15.149885199999998,3.3041426080000003,2.375144934,5.060760015,0.0,0.0,2.38913885,0.646723652,1.5420993719999998,0.399363829,7.563739495,0.32511484399999996,0.78544084
2017,0.0,0.131694556,0.81330073,1.7887860740000001,6.104133912000001,20.76902233,4.071308362,1.823560155,0.0,5.239717055,15.81831632,7.4861615829999995,3.2433419989999996,0.048951647,8.151095678999999,0.614754528,0.222474208,0.496851847,6.20129024,20.42732768,5.6843634860000005,6.767050642,5.92135146,1.7031467919999999,0.0,2.032547019,2.196418173,4.122573001,17.17391347,1.301030267,3.32414843,0.047867470999999995,15.54457104,4.5788846880000005,4.714019984,7.230985031,0.432123221,0.37327908299999996,0.035012815,1.0585631690000001,1.5332291359999999,0.344026836,1.097676412,1.668702085,2.3140849880000003,0.0,0.0,6.238953732000001,9.611647341,8.858293847,0.444868114,2.378953286,5.746767737000001,2.240059982,3.825637988,2.29664472,2.5116496319999997,0.210964662,5.654254455,12.68422805,0.14868431099999999,7.810154155,1.880427571,4.749542598000001,0.0,1.6149146980000002,2.581348773,5.555651514,2.609975618,0.584105258,0.0,0.276776092,0.24391346600000002,0.16957070300000002,4.595850574,6.211250289,2.615581576,0.0,1.029997461,0.0,3.186200564,0.0,0.98207493,4.221085948,0.303213317,4.744601547,1.954725536,0.0,1.7333608440000001,7.858737173,7.764841864,4.129653375,4.8631332469999995,7.5298682029999995,5.437857589,2.471884805,2.672228405,9.098304984,11.89614517,0.377928444,1.521409491,0.792658643,0.788415579,4.612191457,12.20028602,22.36876769,2.7398122110000003,4.299515468,0.272211611,8.382057693,2.928904818,4.232244318,1.089349031,0.334682897,3.9669029719999997,15.09216281,3.665855177,0.0,0.0,1.785209569,0.0,2.925422215,0.135703195,3.7469933689999997,3.779372436,3.1006150789999998,3.7551180769999997,0.279812002,3.247870147,0.60881351,3.6473304289999997,6.288160891,0.0,0.251666665,0.81492894,3.297451534,0.067345051,7.3178755760000005,1.777224301,0.0,0.088416149,0.56844006,0.8582826579999999,9.092131412999999,7.148044335,0.45163909700000004,6.618133714,6.841033801,15.41601824,0.9563446990000001,2.466662344,1.725909058,1.269338141,14.59935934,0.901868436,8.238615375,0.0,2.134895546,5.177519279,1.173719578,0.0,0.0,32.12798967,3.7884056760000004,11.03519747,0.099324266,16.466783300000003,0.513556825,0.6355649,8.755841796,0.550288499,0.12552703,0.9987282829999999,0.0,0.045239054,6.74276565,0.13931183800000002,0.676047635,4.382113265,6.173666031000001,6.833179386,3.807034265,0.791246138,0.0,6.05156332,1.716224159,0.0,0.143173358,0.26888437800000003,3.739642995,0.829929708,12.6995887,0.49064557200000003,1.7646713509999998,13.18584454,2.620384095,5.127196626,0.8798943929999999,0.216427465,0.125587286,3.902198828,1.774986914,14.82326087,3.3817453910000004,2.094221807,4.789392164,0.0,0.0,2.436029922,0.595448677,1.586830344,0.359621635,7.641675086,0.404067778,0.726297071
2018,0.0,0.1632953,0.7776749340000001,1.7827389480000002,6.362975399,18.39067806,3.9757719710000003,1.934451579,0.0,5.296940139,15.49352925,7.133063919,3.2928323539999997,0.061742872000000004,8.196338589,0.646058116,0.23643815,0.517113005,5.82203361,19.63120569,7.260751622999999,6.7991826479999995,6.245507315,1.644603729,0.0,2.046129929,2.0718546769999997,4.325983846000001,17.577396399999998,1.3918418869999998,3.243026912,0.049288795999999996,15.65057904,4.40199099,4.6243383510000005,7.4873318939999995,0.40647443899999997,0.380310156,0.037112771,1.237519175,1.582527692,0.360437441,1.121810223,1.674186481,2.3557642569999997,0.0,0.0,6.054174614,9.492068199,8.536196091,0.417134646,2.373439837,5.7183435529999995,2.3816363380000003,3.920109085,2.349517438,2.518806451,0.246177237,5.492571471000001,11.58870366,0.157840173,8.082639791,1.844955795,4.575874163,0.0,1.50923297,2.415920485,5.427748177000001,2.568059536,0.6275382979999999,0.0,0.302071193,0.241218342,0.170730038,4.912274137,6.0580184,2.871268408,0.0,1.120698338,0.0,3.324745367,0.0,1.048237401,4.019234668999999,0.295778642,4.746529359,2.15559759,0.0,1.8126965,7.737323783,7.792523264,4.244982955,4.819673475,6.87621041,5.37687093,2.933707295,2.486623181,8.801681435,11.8513159,0.340321563,1.779275005,0.897242084,0.776920319,4.767534994,12.22524582,22.08921039,2.741627996,4.051370164,0.23448965,8.477868962999999,2.913848872,3.6921778730000003,1.00092296,0.346246108,4.158422562,15.33020757,4.042188179,0.0,0.0,1.802987555,0.0,3.153369697,0.12755921,4.072103192,3.58639514,3.081558706,3.51601022,0.28672135600000004,3.198316143,0.613312795,4.017826292,6.79764812,0.0,0.235625091,0.838005587,3.264040403,0.07606149200000001,7.752148815,1.727729453,0.0,0.086887436,0.561021958,0.79034855,8.783850008,7.076542655,0.540651882,5.619029655,6.603273193,15.65387186,0.882587328,2.408503314,1.706509986,1.2992798509999999,13.95790296,0.8784238129999999,8.213615723,0.0,1.9777212530000001,4.813385529,1.217641784,0.0,0.0,31.067533299999997,3.86105157,11.49657125,0.104861259,15.46639077,0.499024787,0.642096144,8.406228967,0.5514233070000001,0.11241611300000001,1.060625402,0.0,0.043975888,6.606418045,0.141218175,0.6634065,3.836892218,6.058635474,6.784338879,3.538991742,0.800863195,0.0,5.994088416,1.616400069,0.0,0.141493648,0.29280924399999997,3.7023723410000002,0.953757415,12.48525493,0.48108205200000004,1.550402586,12.79283075,2.584476847,5.0003590110000005,0.86918729,0.21309298699999998,0.137143292,4.159783074,1.896042363,15.22254765,3.4127218089999998,2.268396697,4.5740114830000005,0.0,0.0,2.9891374689999997,0.71751941,1.478626161,0.34106840200000005,7.515678605,0.445489133,0.8574112690000001
2019,0.0,0.159824372,0.792137069,1.69224832,6.481217432,19.32956328,3.740650291,2.086060678,0.0,5.354476455,15.23826715,7.2939842520000004,3.542397828,0.062442671,8.095583954,0.618583746,0.24604624600000002,0.556529455,5.61085728,20.26610279,7.291661097,6.382918042999999,6.122237765,1.6395500090000001,0.0,1.940398005,2.057810839,4.355082031999999,16.13215855,1.375977209,3.147107071,0.050577647999999996,15.43061283,4.3590414619999995,4.821118299,7.605936961,0.421129515,0.36442492200000004,0.036985586,1.3493160169999998,1.6098708309999998,0.37607636299999997,1.181955675,1.6324715580000002,2.286146065,0.0,0.0,5.998795283,9.022786157999999,7.911621016000001,0.43140770100000003,2.367424267,5.107988509,2.535627952,3.977650459,2.261469817,2.484059911,0.251635846,5.09135092,7.672277909,0.163813429,7.372854761,1.831553275,4.4687700889999995,0.0,1.581569507,2.416484011,5.220514488,2.7176242260000003,0.6588235410000001,0.0,0.30928854100000003,0.247050718,0.171792958,3.945480032,5.59618907,2.946376075,0.0,1.1629709240000001,0.0,3.640892855,0.0,1.048622992,4.0637078330000005,0.294768414,4.74663103,2.2903971480000003,0.0,1.797620119,7.245143221,7.598364845,4.440624129,4.548442258,6.919593718,5.311315442,2.8457300119999998,2.4382041119999998,8.540980205,11.45693783,0.423783898,1.5566432559999999,0.98140655,0.765254095,4.731801491000001,11.79932538,22.022416399999997,2.609681834,4.076894274,0.23899343,8.380729344,2.95412906,3.9452921080000003,1.090675627,0.36230740899999997,4.1980760219999995,15.30642656,3.955435862,0.0,0.0,1.959872285,0.0,3.324610168,0.152766255,3.9739562619999997,3.5216000480000003,3.061693238,3.9967372130000003,0.29657102,3.293245606,0.679428523,4.179875994,7.153120086,0.0,0.246986412,0.872793555,3.294591006,0.077836684,7.927126037000001,1.6917054280000001,0.0,0.092232251,0.573636206,0.800549594,8.437074627000001,6.722269985,0.47013645299999995,5.5741358839999995,6.830414187000001,15.28243639,0.8799654990000001,3.141454996,1.745591927,1.3450290569999999,13.88811733,0.863707514,7.773641839,0.0,2.18341993,4.339768426,1.165425232,0.0,0.0,32.47446876,3.817434477,11.79720293,0.10533036900000001,15.28457873,0.481626765,0.651679184,8.307079491,0.537457043,0.115189573,1.208637136,0.0,0.04468071,6.616046938999999,0.153677683,0.6975187209999999,4.558253785,5.698416255,6.512209378,3.4050379189999997,0.836140045,0.0,6.248399634,1.5061394419999998,0.0,0.141093412,0.293231207,3.836090019,1.010618692,12.26335409,0.47946053299999997,1.531144401,12.32285487,2.557564208,4.75658475,0.858000839,0.21463496,0.13237078800000002,3.936583531,1.874784543,14.67341061,3.47554445,2.350962452,3.9395662089999997,0.0,0.0,3.4883126360000003,0.70027542,1.522124134,0.380633361,7.507736092000001,0.38071705100000003,0.80297852
